iter	adv_short	mi_short	adv_med	mi_med	ent_long	sense_short	intra_short	adv_avg_short	sense_med	shape_div_avg	w_adv	w_mi	w_div	w_sense	w_intra	w_shape	w_cons_floor	w_norm	ks_dom_score	ks_sit_score	ks_hist_score	ks_topo_score	ks_dom_weight	ks_sit_weight	ks_hist_weight	ks_topo_weight	ks_winner	ks_win_dom	ks_win_sit	ks_win_hist	ks_win_topo
100.000000	-0.004233	0.000149	-0.005640	0.000066	-0.000065	0.000022	-0.001166	-0.003246	0.000026	0.425597	0.692306	0.100000	0.398847	0.158954	0.266584	0.120000	0.100000	0.000000	1.037966	1.002046	1.000000	1.005640	0.253334	0.248824	0.248570	0.249272	0.000000	101.000000	0.000000	0.000000	0.000000
200.000000	-0.003120	0.000994	0.000782	0.000353	-0.000024	0.000134	0.001118	-0.004309	0.000137	0.439292	0.730000	0.100000	0.380000	0.157211	0.150000	0.120000	0.100000	0.000000	1.032332	1.001066	1.000000	1.000000	0.253010	0.249085	0.248953	0.248953	0.000000	201.000000	0.000000	0.000000	0.000000
300.000000	0.003616	0.001426	-0.000613	0.000693	0.000003	0.000057	0.000929	0.002777	0.000091	0.352503	0.530000	0.100000	0.480000	0.144306	0.150000	0.120000	0.100000	0.000000	1.032949	0.997482	1.003615	1.000612	0.253048	0.248600	0.249363	0.248989	0.000000	301.000000	0.000000	0.000000	0.000000
400.000000	0.000951	0.001876	-0.002111	0.002946	-0.000173	0.000010	-0.001365	0.002121	0.000118	0.346219	0.530000	0.100000	0.480000	0.143869	0.286531	0.120000	0.100000	0.000000	1.034423	0.998588	1.000951	1.002111	0.253189	0.248693	0.248987	0.249131	0.000000	401.000000	0.000000	0.000000	0.000000
500.000000	0.003403	0.005752	-0.000993	0.004067	-0.000654	0.000099	0.000108	0.000703	0.000019	0.298595	0.530000	0.100000	0.480000	0.137679	0.150000	0.120000	0.100000	0.000000	1.033240	0.995433	1.003403	1.000993	0.253134	0.248394	0.249386	0.249086	0.000000	501.000000	0.000000	0.000000	0.000000
600.000000	0.007400	-0.004476	0.000000	0.001689	-0.000419	-0.000083	0.000388	0.007150	-0.000050	0.223536	0.530000	0.234270	0.446432	0.116859	0.150000	0.120000	0.100000	0.002000	1.032279	0.998557	1.007400	1.000000	0.252850	0.248623	0.249725	0.248802	0.000000	601.000000	0.000000	0.000000	0.000000
700.000000	-0.004923	-0.005241	-0.003537	0.002589	-0.000155	-0.000193	-0.001052	-0.005904	0.000110	0.196504	0.730000	0.250000	0.342500	0.124916	0.255186	0.120000	0.100000	0.004000	1.035851	1.005095	1.000000	1.003537	0.253104	0.249241	0.248607	0.249047	0.000000	701.000000	0.000000	0.000000	0.000000
800.000000	0.006120	0.003332	0.003590	0.001918	-0.000253	0.000284	-0.000342	0.007143	0.000040	0.161558	0.530000	0.100000	0.480000	0.102894	0.184222	0.120000	0.100000	0.006000	1.032301	0.995286	1.006120	1.000000	0.252996	0.248356	0.249705	0.248942	0.000000	801.000000	0.000000	0.000000	0.000000
900.000000	-0.002912	-0.004596	-0.001875	0.001537	-0.000579	0.000174	-0.001131	-0.003013	0.000094	0.198058	0.680638	0.237892	0.370208	0.103541	0.263097	0.120000	0.100000	0.008000	1.034132	1.003762	1.000000	1.001875	0.253036	0.249223	0.248754	0.248987	0.000000	901.000000	0.000000	0.000000	0.000000
1000.000000	0.003361	-0.002070	0.002313	-0.001505	-0.000785	0.000104	0.000031	0.005042	-0.000113	0.146048	0.530000	0.192199	0.456950	0.102837	0.150000	0.120000	0.100000	0.010000	1.033735	0.999358	1.003361	1.000000	0.253090	0.248777	0.249276	0.248857	0.000000	1001.000000	0.000000	0.000000	0.000000
1100.000000	-0.006887	-0.000103	-0.001502	0.000885	-0.000262	0.000738	0.001074	-0.006117	0.000063	0.128043	0.730000	0.103089	0.379228	0.100000	0.150000	0.120000	0.100000	0.012000	1.033802	1.003507	1.000000	1.001502	0.253024	0.249221	0.248784	0.248971	0.000000	1101.000000	0.000000	0.000000	0.000000
1200.000000	-0.000751	0.001915	-0.000377	0.003568	-0.000205	0.000265	-0.000290	-0.001229	0.000210	0.145583	0.591461	0.100000	0.449270	0.100000	0.179037	0.120000	0.100000	0.014000	1.032685	0.999419	1.000000	1.000377	0.253083	0.248908	0.248981	0.249028	0.000000	1201.000000	0.000000	0.000000	0.000000
1300.000000	-0.005654	-0.000736	0.000754	-0.001021	-0.000730	0.000109	0.001381	-0.006615	-0.000071	0.136441	0.730000	0.142485	0.369379	0.108827	0.150000	0.120000	0.100000	0.016000	1.033257	1.003203	1.000000	1.000000	0.253030	0.249256	0.248857	0.248857	0.000000	1301.000000	0.000000	0.000000	0.000000
1400.000000	-0.014122	0.001891	0.001793	0.002199	-0.000120	0.000417	-0.000704	-0.011588	0.000256	0.136227	0.730000	0.100000	0.380000	0.100000	0.220373	0.120000	0.100000	0.018000	1.032319	1.006167	1.000000	1.000000	0.252848	0.249563	0.248795	0.248795	0.000000	1401.000000	0.000000	0.000000	0.000000
1500.000000	-0.011976	-0.000591	-0.000597	0.004657	-0.000175	0.000047	0.000379	-0.010633	0.000447	0.116582	0.730000	0.117715	0.375571	0.100000	0.150000	0.120000	0.100000	0.020000	1.032909	1.006319	1.000000	1.000597	0.252880	0.249540	0.248753	0.248827	0.000000	1501.000000	0.000000	0.000000	0.000000
1600.000000	-0.004083	0.001608	-0.000111	0.002821	0.001519	-0.000272	-0.000252	-0.003130	0.000227	0.117254	0.686518	0.100000	0.401741	0.100000	0.175206	0.120000	0.100000	0.022000	1.032652	1.001243	0.999494	0.999503	0.253066	0.249123	0.248905	0.248906	0.000000	1601.000000	0.000000	0.000000	0.000000
1700.000000	-0.008723	0.005878	-0.000595	0.001190	0.000128	0.000864	0.001646	-0.009146	0.000250	0.114714	0.730000	0.100000	0.380000	0.100000	0.150000	0.120000	0.100000	0.024000	1.032947	1.001450	0.999957	1.000544	0.253040	0.249086	0.248900	0.248973	0.000000	1701.000000	0.000000	0.000000	0.000000
1800.000000	-0.000478	-0.001678	-0.000334	0.000740	0.000060	0.000149	-0.003190	0.000441	0.000008	0.116950	0.530000	0.150347	0.467413	0.100000	0.300000	0.120000	0.100000	0.026000	1.032677	1.001079	0.999980	1.000310	0.253033	0.249067	0.248930	0.248971	0.000000	1801.000000	0.000000	0.000000	0.000000
1900.000000	-0.000827	-0.007678	0.002824	-0.000248	0.000788	-0.000396	0.002169	-0.000451	-0.000199	0.055186	0.552532	0.254956	0.429995	0.104985	0.150000	0.120000	0.100000	0.028000	1.032690	1.004267	0.999737	0.999685	0.252961	0.249391	0.248827	0.248821	0.000000	1901.000000	0.000000	0.000000	0.000000
2000.000000	-0.004805	-0.000143	0.000107	0.001109	-0.000202	-0.000348	0.000280	-0.004204	0.000082	0.129585	0.730000	0.104300	0.378925	0.100000	0.150000	0.120000	0.100000	0.030000	1.032308	1.002480	1.000000	1.000000	0.252963	0.249218	0.248909	0.248909	0.000000	2001.000000	0.000000	0.000000	0.000000
2100.000000	0.000783	-0.004372	-0.001148	-0.002967	-0.000141	-0.000524	0.002920	0.001086	-0.000066	0.135259	0.530000	0.290502	0.432374	0.101655	0.150000	0.120000	0.100000	0.032000	1.036431	1.001800	1.000783	1.001148	0.253313	0.248965	0.248838	0.248884	0.000000	2101.000000	0.000000	0.000000	0.000000
2200.000000	0.001920	-0.001160	-0.002478	-0.000446	-0.000258	0.000089	0.000704	0.001382	-0.000103	0.137643	0.530000	0.143707	0.469073	0.102566	0.150000	0.120000	0.100000	0.034000	1.035224	0.999621	1.001920	1.002478	0.253190	0.248723	0.249009	0.249078	0.000000	2201.000000	0.000000	0.000000	0.000000
2300.000000	-0.007019	0.008021	0.001963	0.001136	-0.001215	0.000437	-0.003038	-0.005442	0.000287	0.108164	0.730000	0.100000	0.380000	0.100000	0.300000	0.120000	0.100000	0.036000	1.032171	0.999528	1.000000	1.000000	0.253043	0.248946	0.249005	0.249005	0.000000	2301.000000	0.000000	0.000000	0.000000
2400.000000	0.014187	0.000613	0.001754	-0.003551	0.000917	0.000599	-0.000948	0.007278	-0.000427	0.119818	0.530000	0.171011	0.462247	0.110685	0.244801	0.120000	0.100000	0.038000	1.036010	0.992650	1.013877	0.999633	0.253195	0.247765	0.250409	0.248631	0.000000	2401.000000	0.000000	0.000000	0.000000
2500.000000	0.001755	0.014550	0.008463	0.002599	0.000058	0.000807	-0.005442	-0.009950	0.000085	0.097107	0.730000	0.100000	0.380000	0.100000	0.300000	0.120000	0.100000	0.040000	1.032343	0.991901	1.001736	0.999977	0.253245	0.248176	0.249399	0.249180	0.000000	2501.000000	0.000000	0.000000	0.000000
2600.000000	-0.000506	0.019268	0.000544	-0.002590	-0.000133	0.000720	-0.002011	0.000692	0.000070	0.121547	0.530000	0.151805	0.467049	0.100000	0.300000	0.120000	0.100000	0.040000	1.034908	0.990711	1.000000	1.000000	0.253579	0.248037	0.249192	0.249192	0.000000	2601.000000	0.000000	0.000000	0.000000
2700.000000	0.004846	-0.002252	0.003420	0.000366	-0.000054	0.000031	0.002211	0.011968	0.000052	0.149609	0.530000	0.167555	0.463111	0.108388	0.150000	0.120000	0.100000	0.040000	1.032328	0.998710	1.004846	1.000000	0.252931	0.248715	0.249479	0.248875	0.000000	2701.000000	0.000000	0.000000	0.000000
2800.000000	0.013700	0.002502	0.001069	-0.001450	0.000049	-0.000151	-0.001542	-0.003279	-0.000062	0.133195	0.693933	0.128995	0.390785	0.101557	0.300000	0.120000	0.100000	0.040000	1.033792	0.991947	1.013683	0.999981	0.253003	0.247764	0.250472	0.248761	0.000000	2801.000000	0.000000	0.000000	0.000000
2900.000000	0.007942	0.003079	0.002713	0.001279	-0.000061	-0.000477	-0.001785	0.003627	-0.000107	0.114004	0.530000	0.100000	0.480000	0.102672	0.300000	0.120000	0.100000	0.040000	1.032327	0.994507	1.007942	1.000000	0.252965	0.248226	0.249900	0.248909	0.000000	2901.000000	0.000000	0.000000	0.000000
3000.000000	0.002079	-0.004896	0.003471	-0.000975	-0.000301	0.000327	-0.001681	0.007655	-0.000064	0.116909	0.530000	0.266392	0.438402	0.101592	0.300000	0.120000	0.100000	0.040000	1.033270	1.001416	1.002079	1.000000	0.253022	0.249024	0.249106	0.248848	0.000000	3001.000000	0.000000	0.000000	0.000000
3100.000000	0.010127	0.000273	-0.004863	-0.001250	-0.000245	-0.000070	0.001319	0.009466	-0.000170	0.123393	0.530000	0.124990	0.473752	0.107792	0.150000	0.120000	0.100000	0.040000	1.038415	0.994826	1.010127	1.004863	0.253308	0.247847	0.249751	0.249094	0.000000	3101.000000	0.000000	0.000000	0.000000
3200.000000	0.007999	0.003860	0.002161	-0.000057	0.000369	-0.000259	0.002201	-0.001182	0.000023	0.130441	0.589119	0.101138	0.450156	0.100000	0.150000	0.120000	0.100000	0.040000	1.032442	0.994090	1.007875	0.999852	0.252996	0.248191	0.249907	0.248907	0.000000	3201.000000	0.000000	0.000000	0.000000
3300.000000	0.002038	0.003067	-0.004089	-0.000335	0.000153	0.000323	-0.005405	-0.002922	-0.000020	0.127776	0.676080	0.106702	0.405284	0.100512	0.300000	0.120000	0.100000	0.040000	1.036780	0.997451	1.001987	1.004028	0.253354	0.248421	0.248985	0.249239	0.000000	3301.000000	0.000000	0.000000	0.000000
3400.000000	0.001233	0.007931	0.001013	-0.000564	-0.000167	0.001022	-0.003094	-0.004501	-0.000011	0.118957	0.730000	0.111289	0.377178	0.100287	0.300000	0.120000	0.100000	0.040000	1.032877	0.995434	1.001233	1.000000	0.253200	0.248504	0.249225	0.249072	0.000000	3401.000000	0.000000	0.000000	0.000000
3500.000000	0.007902	-0.002052	-0.003523	0.000858	-0.000043	-0.000093	0.005201	0.001025	0.000020	0.126813	0.530000	0.161558	0.464611	0.100000	0.150000	0.120000	0.100000	0.040000	1.035853	0.997092	1.007902	1.003523	0.253107	0.248249	0.249595	0.249049	0.000000	3501.000000	0.000000	0.000000	0.000000
3600.000000	-0.008676	-0.000263	0.002213	-0.000194	0.000133	0.000031	-0.000075	0.002865	-0.000006	0.119931	0.530000	0.111763	0.477059	0.100144	0.157478	0.120000	0.100000	0.040000	1.032547	1.004488	0.999956	0.999947	0.252925	0.249402	0.248837	0.248836	0.000000	3601.000000	0.000000	0.000000	0.000000
3700.000000	-0.023064	-0.004007	-0.000298	0.000748	-0.000112	-0.000410	-0.001508	-0.004895	-0.000092	0.113260	0.730000	0.220223	0.349944	0.102289	0.300000	0.120000	0.100000	0.040000	1.032618	1.013674	1.000000	1.000298	0.252630	0.250248	0.248543	0.248580	0.000000	3701.000000	0.000000	0.000000	0.000000
3800.000000	0.020934	0.002390	0.000902	0.000378	0.000210	0.000905	-0.003758	0.003962	0.000020	0.097452	0.530000	0.100000	0.480000	0.100000	0.300000	0.120000	0.100000	0.040000	1.032364	0.988448	1.020862	0.999916	0.252752	0.247262	0.251302	0.248684	0.000000	3801.000000	0.000000	0.000000	0.000000
3900.000000	-0.002504	0.003823	0.005524	-0.000236	0.000513	0.000453	0.000449	-0.004359	-0.000049	0.121474	0.730000	0.104717	0.378821	0.101233	0.150000	0.120000	0.100000	0.040000	1.032641	0.999346	0.999829	0.999795	0.253105	0.248926	0.248986	0.248982	0.000000	3901.000000	0.000000	0.000000	0.000000
4000.000000	-0.014250	-0.005002	-0.002507	-0.000744	-0.000292	-0.000840	0.001317	-0.009644	0.000031	0.050988	0.730000	0.264888	0.338778	0.100000	0.150000	0.120000	0.100000	0.040000	1.035547	1.009683	1.000000	1.002507	0.252963	0.249713	0.248506	0.248818	0.000000	4001.000000	0.000000	0.000000	0.000000
4100.000000	-0.008518	-0.002187	-0.003773	0.001317	0.000004	0.000683	-0.004204	-0.000911	0.000052	0.097139	0.575543	0.165609	0.440826	0.100000	0.300000	0.120000	0.100000	0.040000	1.036109	1.005372	0.999999	1.003771	0.253112	0.249252	0.248583	0.249053	0.000000	4101.000000	0.000000	0.000000	0.000000
4200.000000	-0.002478	0.004902	0.006607	0.001514	-0.000051	0.000616	-0.002378	-0.002214	0.000050	0.110274	0.640718	0.100000	0.424641	0.100000	0.300000	0.120000	0.100000	0.040000	1.032328	0.998795	1.000000	1.000000	0.253081	0.248873	0.249023	0.249023	0.000000	4201.000000	0.000000	0.000000	0.000000
4300.000000	0.000326	0.010162	0.002923	0.000839	-0.000000	0.000918	-0.002556	0.002511	0.000048	0.100225	0.530000	0.100000	0.480000	0.100000	0.300000	0.120000	0.100000	0.040000	1.032335	0.994782	1.000326	1.000000	0.253198	0.248488	0.249178	0.249137	0.000000	4301.000000	0.000000	0.000000	0.000000
4400.000000	0.007462	0.003414	0.001187	0.000572	0.000020	0.000779	-0.008204	-0.007617	-0.000030	0.085574	0.730000	0.100000	0.380000	0.100740	0.300000	0.120000	0.100000	0.040000	1.032338	0.994579	1.007455	0.999992	0.252979	0.248248	0.249852	0.248921	0.000000	4401.000000	0.000000	0.000000	0.000000
4500.000000	0.010075	-0.003837	-0.000873	-0.000293	0.000139	-0.000364	-0.002249	-0.001076	-0.000019	0.078602	0.583820	0.220964	0.422849	0.100480	0.300000	0.120000	0.100000	0.040000	1.033521	0.996910	1.010028	1.000818	0.252911	0.248323	0.249957	0.248809	0.000000	4501.000000	0.000000	0.000000	0.000000
4600.000000	-0.008175	-0.004260	-0.000794	0.001009	-0.000027	-0.000773	0.001878	0.000450	0.000015	0.079454	0.530000	0.227786	0.448053	0.100000	0.150000	0.120000	0.100000	0.040000	1.033126	1.006239	1.000000	1.000794	0.252897	0.249520	0.248742	0.248841	0.000000	4601.000000	0.000000	0.000000	0.000000
4700.000000	-0.000124	0.004952	0.001164	0.000486	0.000262	0.000511	-0.004651	-0.000928	0.000103	0.107353	0.576381	0.100000	0.456809	0.100000	0.300000	0.120000	0.100000	0.040000	1.032371	0.997593	0.999913	0.999895	0.253129	0.248765	0.249054	0.249052	0.000000	4701.000000	0.000000	0.000000	0.000000
4800.000000	-0.002146	-0.003333	-0.000033	-0.000829	-0.000039	-0.000638	0.001912	-0.000743	-0.000062	0.098429	0.567148	0.216558	0.432286	0.101559	0.150000	0.120000	0.100000	0.040000	1.033192	1.002743	1.000000	1.000033	0.253037	0.249214	0.248872	0.248876	0.000000	4801.000000	0.000000	0.000000	0.000000
4900.000000	-0.006634	0.002893	-0.000938	0.000905	-0.000335	0.000187	0.003848	-0.005358	-0.000030	0.084598	0.730000	0.100000	0.380000	0.100739	0.150000	0.120000	0.100000	0.040000	1.033228	1.001884	1.000000	1.000938	0.253039	0.249104	0.248870	0.248987	0.000000	4901.000000	0.000000	0.000000	0.000000
5000.000000	0.012526	0.002176	-0.000114	0.000244	-0.000057	0.000682	-0.001553	-0.000633	0.000001	0.100192	0.561664	0.100000	0.464168	0.100000	0.300000	0.120000	0.100000	0.040000	1.032441	0.992689	1.012526	1.000114	0.252884	0.247908	0.250379	0.248830	0.000000	5001.000000	0.000000	0.000000	0.000000
5100.000000	0.006135	0.001030	0.001173	-0.000174	0.000039	0.000006	0.004004	0.002606	-0.000117	0.127134	0.530000	0.103475	0.479131	0.102929	0.150000	0.120000	0.100000	0.040000	1.032514	0.996427	1.006122	0.999984	0.252980	0.248457	0.249664	0.248899	0.000000	5101.000000	0.000000	0.000000	0.000000
5200.000000	-0.011316	0.001253	-0.001629	0.000304	-0.000258	0.000551	0.003226	-0.009585	-0.000061	0.132808	0.730000	0.100000	0.380000	0.101516	0.150000	0.120000	0.100000	0.040000	1.033930	1.005064	1.000000	1.001629	0.252983	0.249358	0.248728	0.248930	0.000000	5201.000000	0.000000	0.000000	0.000000
5300.000000	-0.003758	-0.000105	-0.000786	0.000515	-0.000008	-0.000506	0.004052	0.004979	-0.000047	0.122379	0.530000	0.103156	0.479211	0.101186	0.150000	0.120000	0.100000	0.040000	1.033120	1.001935	1.000000	1.000786	0.253032	0.249117	0.248876	0.248974	0.000000	5301.000000	0.000000	0.000000	0.000000
5400.000000	-0.004798	-0.000805	-0.001886	0.000104	0.000080	-0.000375	0.001907	-0.004285	0.000094	0.114447	0.730000	0.124135	0.373966	0.100000	0.150000	0.120000	0.100000	0.040000	1.034232	1.002807	0.999973	1.001855	0.253077	0.249131	0.248779	0.249013	0.000000	5401.000000	0.000000	0.000000	0.000000
5500.000000	-0.001494	-0.002158	-0.003106	-0.000464	0.000183	-0.001264	0.002793	0.002908	-0.000222	0.097470	0.530000	0.174028	0.461493	0.105555	0.150000	0.120000	0.100000	0.040000	1.035930	1.001828	0.999939	1.003033	0.253232	0.248951	0.248716	0.249101	0.000000	5501.000000	0.000000	0.000000	0.000000
5600.000000	-0.002349	-0.000069	-0.001270	0.000023	0.000035	0.000045	-0.001272	0.005627	0.000083	0.137174	0.530000	0.102069	0.479483	0.100000	0.277222	0.120000	0.100000	0.040000	1.033610	1.001210	0.999988	1.001256	0.253087	0.249020	0.248868	0.249026	0.000000	5601.000000	0.000000	0.000000	0.000000
5700.000000	0.005938	-0.001561	0.000490	-0.000140	-0.000055	-0.000072	-0.004982	0.004127	0.000088	0.136554	0.530000	0.149625	0.467594	0.100000	0.300000	0.120000	0.100000	0.040000	1.032468	0.997821	1.005938	1.000000	0.252937	0.248594	0.249604	0.248865	0.000000	5701.000000	0.000000	0.000000	0.000000
5800.000000	-0.005088	0.000625	0.000300	0.000010	0.000414	-0.000777	0.004684	-0.002854	0.000041	0.094274	0.672679	0.100000	0.408661	0.100000	0.150000	0.120000	0.100000	0.040000	1.032391	1.002238	0.999862	0.999834	0.252988	0.249202	0.248907	0.248903	0.000000	5801.000000	0.000000	0.000000	0.000000
5900.000000	-0.009753	0.000536	-0.000436	-0.000581	0.000217	-0.000264	0.002701	-0.003961	-0.000216	0.144458	0.728034	0.111614	0.378079	0.105391	0.150000	0.120000	0.100000	0.040000	1.033382	1.004632	0.999928	1.000350	0.252988	0.249377	0.248791	0.248844	0.000000	5901.000000	0.000000	0.000000	0.000000
6000.000000	0.001756	-0.001602	0.002200	-0.000315	0.000064	-0.000211	-0.006923	-0.001402	-0.000028	0.156822	0.600116	0.154354	0.431353	0.100690	0.300000	0.120000	0.100000	0.040000	1.032659	0.999924	1.001735	0.999975	0.253023	0.248915	0.249141	0.248921	0.000000	6001.000000	0.000000	0.000000	0.000000
6100.000000	-0.003530	-0.002626	-0.000942	-0.000649	-0.000107	-0.001407	0.007373	0.005353	-0.000280	0.151155	0.530000	0.191760	0.457060	0.106996	0.150000	0.120000	0.100000	0.040000	1.033912	1.003083	1.000000	1.000942	0.253066	0.249195	0.248811	0.248928	0.000000	6101.000000	0.000000	0.000000	0.000000
6200.000000	-0.000523	-0.000769	0.001546	-0.000188	-0.000105	-0.001022	0.009618	0.000880	-0.000025	0.154803	0.530000	0.126824	0.473294	0.100636	0.150000	0.120000	0.100000	0.040000	1.032509	1.000646	1.000000	1.000000	0.253040	0.249040	0.248960	0.248960	0.000000	6201.000000	0.000000	0.000000	0.000000
6300.000000	0.000712	0.000595	-0.001068	0.000105	0.000403	0.000788	-0.001172	-0.000136	0.000240	0.128005	0.536805	0.100000	0.476598	0.100000	0.267206	0.120000	0.100000	0.040000	1.033458	0.999347	1.000578	1.000907	0.253124	0.248843	0.248996	0.249037	0.000000	6301.000000	0.000000	0.000000	0.000000
6400.000000	-0.009448	-0.001845	-0.000612	-0.000238	-0.000369	-0.000819	0.007876	0.005594	-0.000103	0.128958	0.530000	0.160103	0.464974	0.102585	0.150000	0.120000	0.100000	0.040000	1.033135	1.005670	1.000000	1.000612	0.252921	0.249472	0.248765	0.248842	0.000000	6401.000000	0.000000	0.000000	0.000000
6500.000000	0.002686	-0.000856	-0.000340	0.000506	0.000289	-0.000435	0.002693	0.001596	0.000061	0.121719	0.530000	0.125681	0.473580	0.100000	0.150000	0.120000	0.100000	0.040000	1.032714	0.999087	1.002589	1.000224	0.253020	0.248801	0.249237	0.248942	0.000000	6501.000000	0.000000	0.000000	0.000000
6600.000000	0.002169	-0.000590	0.000379	0.000117	-0.000090	-0.001074	0.006250	0.009386	0.000145	0.149534	0.530000	0.117703	0.475574	0.100000	0.150000	0.120000	0.100000	0.040000	1.032323	0.999212	1.002169	1.000000	0.252999	0.248845	0.249213	0.248943	0.000000	6601.000000	0.000000	0.000000	0.000000
6700.000000	0.004226	0.000587	0.001012	0.000271	0.000051	-0.000163	-0.000289	0.002707	0.000104	0.135309	0.530000	0.100000	0.480000	0.100000	0.178880	0.120000	0.100000	0.040000	1.032342	0.997598	1.004209	0.999980	0.252988	0.248631	0.249454	0.248927	0.000000	6701.000000	0.000000	0.000000	0.000000
6800.000000	0.004080	0.000770	-0.001227	-0.000166	-0.000079	-0.000868	0.000971	-0.000273	-0.000132	0.121076	0.543628	0.103312	0.472358	0.103306	0.150000	0.120000	0.100000	0.040000	1.033717	0.997579	1.004080	1.001227	0.253083	0.248551	0.249361	0.249005	0.000000	6801.000000	0.000000	0.000000	0.000000
6900.000000	-0.013022	0.000653	-0.000063	-0.000037	-0.000079	-0.000143	0.003828	-0.001337	0.000004	0.163221	0.596865	0.100739	0.446383	0.100000	0.150000	0.120000	0.100000	0.040000	1.032424	1.006227	1.000000	1.000063	0.252854	0.249563	0.248788	0.248795	0.000000	6901.000000	0.000000	0.000000	0.000000
7000.000000	-0.005880	0.001047	0.001068	0.000285	0.000319	-0.000078	-0.001041	-0.003196	0.000082	0.167163	0.689784	0.100000	0.400108	0.100000	0.254074	0.120000	0.100000	0.040000	1.032378	1.002426	0.999894	0.999873	0.252979	0.249218	0.248903	0.248900	0.000000	7001.000000	0.000000	0.000000	0.000000
7100.000000	-0.002612	-0.000496	0.000524	-0.000115	-0.000305	-0.000565	0.008267	0.000039	-0.000174	0.104357	0.530000	0.117178	0.475706	0.104362	0.150000	0.120000	0.100000	0.040000	1.032409	1.001556	1.000000	1.000000	0.253002	0.249129	0.248935	0.248935	0.000000	7101.000000	0.000000	0.000000	0.000000
7200.000000	-0.005683	0.000560	-0.001058	0.000008	0.000017	0.000512	-0.001562	-0.003774	-0.000195	0.189497	0.718711	0.100000	0.385645	0.104876	0.300000	0.120000	0.100000	0.040000	1.033395	1.002570	0.999994	1.001051	0.253030	0.249160	0.248839	0.248971	0.000000	7201.000000	0.000000	0.000000	0.000000
7300.000000	-0.000930	-0.000804	-0.001048	-0.000171	-0.000182	0.000078	0.002164	0.004355	0.000019	0.162547	0.530000	0.127549	0.473113	0.100000	0.150000	0.120000	0.100000	0.040000	1.033530	1.000867	1.000000	1.001048	0.253096	0.248996	0.248888	0.249019	0.000000	7301.000000	0.000000	0.000000	0.000000
7400.000000	-0.007789	-0.000557	-0.001204	-0.000393	-0.000208	0.000196	0.005960	0.003681	0.000154	0.160792	0.530000	0.124579	0.473855	0.100000	0.150000	0.120000	0.100000	0.040000	1.033904	1.004189	1.000000	1.001204	0.253022	0.249290	0.248769	0.248919	0.000000	7401.000000	0.000000	0.000000	0.000000
7500.000000	-0.000056	0.000160	-0.000012	0.000264	0.000042	0.000387	-0.002298	-0.003746	0.000011	0.125045	0.717298	0.100000	0.386351	0.100000	0.300000	0.120000	0.100000	0.040000	1.032353	0.999948	0.999986	0.999995	0.253048	0.248981	0.248985	0.248987	0.000000	7501.000000	0.000000	0.000000	0.000000
7600.000000	-0.000702	0.001986	0.003152	-0.000331	0.000291	0.000616	-0.002905	-0.003463	0.000216	0.173912	0.703169	0.106611	0.391763	0.100000	0.300000	0.120000	0.100000	0.040000	1.032705	0.999359	0.999903	0.999884	0.253106	0.248920	0.248988	0.248986	0.000000	7601.000000	0.000000	0.000000	0.000000
7700.000000	0.000948	-0.000714	-0.000623	0.000294	-0.000446	-0.000465	0.000827	-0.000495	0.000095	0.152774	0.554768	0.121427	0.462259	0.100000	0.150000	0.120000	0.100000	0.040000	1.032898	0.999884	1.000948	1.000623	0.253051	0.248908	0.249041	0.249000	0.000000	7701.000000	0.000000	0.000000	0.000000
7800.000000	0.010022	-0.000916	0.001161	-0.000242	0.000034	-0.000356	-0.002412	0.008844	0.000145	0.151098	0.530000	0.132314	0.471922	0.100000	0.300000	0.120000	0.100000	0.040000	1.032582	0.995472	1.010010	0.999987	0.252894	0.248245	0.250056	0.248806	0.000000	7801.000000	0.000000	0.000000	0.000000
7900.000000	0.004502	-0.000590	-0.000266	0.000473	-0.000237	-0.000928	0.004854	0.004476	-0.000031	0.164213	0.530000	0.117695	0.475576	0.100773	0.150000	0.120000	0.100000	0.040000	1.032569	0.998049	1.004502	1.000266	0.252977	0.248648	0.249452	0.248924	0.000000	7901.000000	0.000000	0.000000	0.000000
8000.000000	0.004368	-0.000704	-0.000656	-0.000091	-0.000066	-0.000766	0.000117	0.008089	-0.000051	0.134760	0.530000	0.122961	0.474260	0.101284	0.150000	0.120000	0.100000	0.040000	1.033074	0.998173	1.004368	1.000656	0.253013	0.248636	0.249407	0.248945	0.000000	8001.000000	0.000000	0.000000	0.000000
8100.000000	-0.007399	0.000219	-0.001130	0.000197	0.000263	-0.000071	0.000907	-0.002581	-0.000225	0.129980	0.659070	0.100000	0.415465	0.105629	0.150000	0.120000	0.100000	0.040000	1.033501	1.003604	0.999912	1.001024	0.253011	0.249257	0.248797	0.248935	0.000000	8101.000000	0.000000	0.000000	0.000000
8200.000000	0.004044	0.000300	0.001110	-0.000329	0.000065	0.000644	-0.003834	0.001626	0.000026	0.165500	0.530000	0.106585	0.478354	0.100000	0.300000	0.120000	0.100000	0.040000	1.032673	0.997833	1.004022	0.999974	0.253018	0.248648	0.249419	0.248915	0.000000	8201.000000	0.000000	0.000000	0.000000
8300.000000	-0.001304	0.001072	-0.000773	-0.000216	-0.000595	0.000794	-0.001995	-0.001634	-0.000062	0.147727	0.611687	0.104321	0.438076	0.101538	0.300000	0.120000	0.100000	0.040000	1.033244	1.000117	1.000000	1.000773	0.253101	0.248944	0.248929	0.249025	0.000000	8301.000000	0.000000	0.000000	0.000000
8400.000000	-0.005075	0.002513	-0.000278	0.000042	-0.000261	0.000100	0.006876	0.002630	0.000111	0.157007	0.530000	0.100000	0.480000	0.100000	0.150000	0.120000	0.100000	0.040000	1.032578	1.001289	1.000000	1.000278	0.253017	0.249090	0.248929	0.248964	0.000000	8401.000000	0.000000	0.000000	0.000000
8500.000000	0.009914	-0.000634	0.000070	0.000074	-0.000038	-0.000615	0.000313	0.007859	-0.000153	0.119298	0.530000	0.119007	0.475248	0.103829	0.150000	0.120000	0.100000	0.040000	1.032330	0.995384	1.009914	1.000000	0.252875	0.248247	0.250057	0.248821	0.000000	8501.000000	0.000000	0.000000	0.000000
8600.000000	-0.007026	0.000435	-0.000981	-0.000092	-0.000018	0.000484	0.003639	-0.001016	0.000066	0.161460	0.580797	0.101842	0.454141	0.100000	0.150000	0.120000	0.100000	0.040000	1.033406	1.003308	1.000000	1.000981	0.253010	0.249231	0.248819	0.248941	0.000000	8601.000000	0.000000	0.000000	0.000000
8700.000000	-0.000376	-0.000082	-0.000591	-0.000324	-0.000250	-0.000154	0.001146	0.004677	-0.000044	0.082413	0.530000	0.108952	0.477762	0.101108	0.150000	0.120000	0.100000	0.040000	1.033216	1.000229	1.000000	1.000591	0.253101	0.248961	0.248932	0.249006	0.000000	8701.000000	0.000000	0.000000	0.000000
8800.000000	0.004348	0.001109	-0.000825	0.000075	-0.000123	0.000502	-0.000572	0.006602	0.000254	0.156045	0.530000	0.100000	0.480000	0.100000	0.207179	0.120000	0.100000	0.040000	1.033144	0.997276	1.004348	1.000826	0.253043	0.248545	0.249426	0.248987	0.000000	8801.000000	0.000000	0.000000	0.000000
8900.000000	-0.001775	-0.001808	0.002060	-0.000304	-0.000324	-0.000223	0.003493	0.003378	-0.000020	0.135072	0.530000	0.160323	0.464919	0.100495	0.150000	0.120000	0.100000	0.040000	1.032595	1.001793	1.000000	1.000000	0.253012	0.249145	0.248922	0.248922	0.000000	8901.000000	0.000000	0.000000	0.000000
9000.000000	0.007919	-0.002178	0.000377	-0.000212	-0.000433	-0.001422	0.006315	0.011142	-0.000096	0.131480	0.530000	0.169573	0.462607	0.102411	0.150000	0.120000	0.100000	0.040000	1.032488	0.997146	1.007919	1.000000	0.252898	0.248468	0.249810	0.248823	0.000000	9001.000000	0.000000	0.000000	0.000000
9100.000000	-0.000136	0.000416	-0.000908	0.000554	0.000090	0.000570	0.000279	-0.000063	-0.000025	0.129141	0.533126	0.100000	0.478437	0.100634	0.150000	0.120000	0.100000	0.040000	1.033256	0.999860	0.999970	1.000872	0.253109	0.248917	0.248931	0.249043	0.000000	9101.000000	0.000000	0.000000	0.000000
9200.000000	-0.001741	0.001579	0.000171	0.000874	-0.000033	-0.000275	0.003839	0.003825	0.000283	0.163493	0.530000	0.100000	0.480000	0.100000	0.150000	0.120000	0.100000	0.040000	1.032331	1.000082	1.000000	1.000000	0.253041	0.248993	0.248983	0.248983	0.000000	9201.000000	0.000000	0.000000	0.000000
9300.000000	-0.001916	0.001392	0.000453	0.000293	0.000004	0.000029	0.002359	-0.004972	0.000082	0.155515	0.730000	0.100000	0.380000	0.100000	0.150000	0.120000	0.100000	0.040000	1.032336	1.000263	0.999999	0.999998	0.253036	0.249010	0.248977	0.248977	0.000000	9301.000000	0.000000	0.000000	0.000000
9400.000000	-0.011095	0.002655	-0.000775	0.000903	-0.000813	0.001231	-0.002847	-0.004012	0.000113	0.137986	0.730000	0.100000	0.380000	0.100000	0.300000	0.120000	0.100000	0.040000	1.033000	1.004252	1.000000	1.000775	0.252948	0.249338	0.248809	0.248905	0.000000	9401.000000	0.000000	0.000000	0.000000
9500.000000	0.001093	-0.000425	0.000027	0.000070	-0.000442	0.000087	-0.003061	-0.002209	0.000145	0.156327	0.640427	0.112761	0.421596	0.100000	0.300000	0.120000	0.100000	0.040000	1.032276	0.999667	1.001093	1.000000	0.253014	0.248922	0.249100	0.248964	0.000000	9501.000000	0.000000	0.000000	0.000000
9600.000000	-0.001561	-0.000175	0.001550	-0.000088	-0.000634	0.000258	-0.004210	-0.002931	0.000039	0.151816	0.676564	0.107019	0.404963	0.100000	0.300000	0.120000	0.100000	0.040000	1.032338	1.000869	1.000000	1.000000	0.253017	0.249067	0.248958	0.248958	0.000000	9601.000000	0.000000	0.000000	0.000000
9700.000000	-0.006389	0.002059	-0.000456	0.000158	0.000376	0.001206	-0.000716	-0.002158	0.000273	0.137942	0.637904	0.100000	0.426048	0.100000	0.221648	0.120000	0.100000	0.040000	1.032842	1.002176	0.999875	1.000305	0.253017	0.249167	0.248881	0.248934	0.000000	9701.000000	0.000000	0.000000	0.000000
9800.000000	-0.002797	-0.001814	-0.000070	-0.000551	-0.000393	0.000223	0.001394	-0.000272	0.000112	0.156295	0.543602	0.165445	0.456837	0.100000	0.150000	0.120000	0.100000	0.040000	1.032904	1.002308	1.000000	1.000070	0.253022	0.249181	0.248894	0.248903	0.000000	9801.000000	0.000000	0.000000	0.000000
9900.000000	-0.002614	0.001146	0.000773	-0.000311	0.000228	-0.000114	0.004008	-0.002173	0.000012	0.121500	0.638656	0.106225	0.424116	0.100000	0.150000	0.120000	0.100000	0.040000	1.032677	1.000736	0.999924	0.999909	0.253058	0.249049	0.248948	0.248946	0.000000	9901.000000	0.000000	0.000000	0.000000
10000.000000	-0.002874	0.000526	0.000746	0.000319	0.000029	-0.000197	-0.000014	-0.001642	-0.000073	0.064981	0.612116	0.100000	0.438942	0.101817	0.151436	0.120000	0.100000	0.040000	1.032339	1.001176	0.999990	0.999988	0.253008	0.249096	0.248948	0.248948	0.000000	10001.000000	0.000000	0.000000	0.000000
10100.000000	0.000868	-0.001793	-0.000116	-0.000606	0.000002	-0.000069	0.002244	0.005915	-0.000127	0.155465	0.530000	0.165900	0.463525	0.103166	0.150000	0.120000	0.100000	0.040000	1.033058	1.000463	1.000867	1.000116	0.253066	0.248976	0.249026	0.248932	0.000000	10101.000000	0.000000	0.000000	0.000000
10200.000000	0.004125	0.000218	-0.000029	-0.000211	0.000195	-0.000678	0.002826	0.002156	-0.000019	0.131082	0.530000	0.104220	0.478945	0.100483	0.150000	0.120000	0.100000	0.040000	1.032601	0.997833	1.004059	0.999950	0.253011	0.248650	0.249426	0.248914	0.000000	10201.000000	0.000000	0.000000	0.000000
10300.000000	-0.003386	0.003255	0.000913	0.000551	-0.000019	0.001075	-0.007069	-0.007139	0.000161	0.152157	0.730000	0.100000	0.380000	0.100000	0.300000	0.120000	0.100000	0.040000	1.032333	1.000071	1.000000	1.000000	0.253041	0.248992	0.248983	0.248983	0.000000	10301.000000	0.000000	0.000000	0.000000
10400.000000	-0.001085	0.000467	-0.000114	-0.000259	-0.000135	0.000592	-0.003520	-0.009472	-0.000003	0.135818	0.730000	0.105186	0.378703	0.100073	0.300000	0.120000	0.100000	0.040000	1.032691	1.000309	1.000000	1.000114	0.253064	0.249000	0.248961	0.248975	0.000000	10401.000000	0.000000	0.000000	0.000000
10500.000000	0.003949	-0.000395	0.000024	-0.000622	0.000143	0.000126	0.001098	0.005255	-0.000168	0.092433	0.530000	0.124299	0.473925	0.104192	0.150000	0.120000	0.100000	0.040000	1.032977	0.998227	1.003902	0.999943	0.253039	0.248680	0.249387	0.248894	0.000000	10501.000000	0.000000	0.000000	0.000000
10600.000000	-0.002391	0.001007	0.000622	-0.000704	-0.000112	-0.000167	0.000614	-0.008449	-0.000253	0.126313	0.730000	0.114078	0.376481	0.106330	0.150000	0.120000	0.100000	0.040000	1.033024	1.000694	1.000000	1.000000	0.253087	0.249029	0.248942	0.248942	0.000000	10601.000000	0.000000	0.000000	0.000000
10700.000000	0.000030	0.002564	-0.000370	-0.000364	-0.000457	0.000568	-0.002177	0.000721	0.000019	0.130556	0.530000	0.107281	0.478180	0.100000	0.300000	0.120000	0.100000	0.040000	1.033008	0.998705	1.000030	1.000370	0.253135	0.248831	0.248996	0.249038	0.000000	10701.000000	0.000000	0.000000	0.000000
10800.000000	0.005203	0.001285	0.000744	0.000782	-0.000689	0.000431	-0.001836	0.002097	-0.000045	0.123050	0.530000	0.100000	0.480000	0.101124	0.300000	0.120000	0.100000	0.040000	1.032242	0.996763	1.005203	1.000000	0.252973	0.248525	0.249576	0.248927	0.000000	10801.000000	0.000000	0.000000	0.000000
10900.000000	-0.002740	-0.001286	0.000064	-0.000713	0.000312	-0.000837	0.003191	0.001322	-0.000130	0.116003	0.530000	0.152822	0.466794	0.103245	0.150000	0.120000	0.100000	0.040000	1.033090	1.002015	0.999896	0.999875	0.253059	0.249157	0.248893	0.248891	0.000000	10901.000000	0.000000	0.000000	0.000000
11000.000000	0.000077	0.003360	-0.000285	-0.000871	0.000004	0.001094	-0.002360	-0.000784	-0.000054	0.148029	0.569180	0.117415	0.456056	0.101360	0.300000	0.120000	0.100000	0.040000	1.033492	0.998284	1.000076	1.000284	0.253196	0.248777	0.249000	0.249026	0.000000	11001.000000	0.000000	0.000000	0.000000
11100.000000	-0.005952	0.005545	-0.001258	0.000872	0.000009	0.001459	-0.002099	-0.006827	0.000199	0.079311	0.730000	0.100000	0.380000	0.100000	0.300000	0.120000	0.100000	0.040000	1.033595	1.000220	0.999997	1.001255	0.253116	0.248928	0.248900	0.249056	0.000000	11101.000000	0.000000	0.000000	0.000000
11200.000000	-0.001072	0.000960	0.000073	0.000269	-0.000090	0.000328	-0.003878	-0.003279	0.000013	0.152172	0.693967	0.100000	0.398016	0.100000	0.300000	0.120000	0.100000	0.040000	1.032323	1.000057	1.000000	1.000000	0.253041	0.248991	0.248984	0.248984	0.000000	11201.000000	0.000000	0.000000	0.000000
11300.000000	0.002006	-0.000784	0.000256	-0.000004	-0.000160	0.000693	-0.000182	0.001072	0.000192	0.134365	0.530000	0.123593	0.474102	0.100000	0.168219	0.120000	0.100000	0.040000	1.032318	0.999390	1.002006	1.000000	0.252998	0.248867	0.249192	0.248943	0.000000	11301.000000	0.000000	0.000000	0.000000
11400.000000	0.000531	0.001674	0.001114	-0.000577	-0.000872	-0.000493	0.000892	0.002428	-0.000067	0.134348	0.530000	0.111533	0.477117	0.101666	0.150000	0.120000	0.100000	0.040000	1.032794	0.998898	1.000531	1.000000	0.253105	0.248852	0.249055	0.248989	0.000000	11401.000000	0.000000	0.000000	0.000000
11500.000000	-0.001113	0.005647	-0.000073	0.000229	-0.000053	0.001099	-0.005350	-0.004601	0.000027	0.120342	0.730000	0.100000	0.380000	0.100000	0.300000	0.120000	0.100000	0.040000	1.032401	0.997741	1.000000	1.000073	0.253119	0.248770	0.249051	0.249060	0.000000	11501.000000	0.000000	0.000000	0.000000
11600.000000	0.003407	-0.002649	-0.000436	0.000228	-0.000217	-0.001158	0.002643	0.003851	-0.000077	0.120703	0.530000	0.179462	0.460134	0.101928	0.150000	0.120000	0.100000	0.040000	1.032742	0.999626	1.003407	1.000436	0.252973	0.248818	0.249289	0.248919	0.000000	11601.000000	0.000000	0.000000	0.000000
11700.000000	-0.000334	-0.001010	-0.000701	0.000559	0.000143	0.000484	-0.000414	-0.000774	0.000280	0.138830	0.568721	0.130303	0.453064	0.100000	0.191442	0.120000	0.100000	0.040000	1.033056	1.000672	0.999952	1.000644	0.253072	0.249007	0.248917	0.249004	0.000000	11701.000000	0.000000	0.000000	0.000000
11800.000000	0.001950	-0.000882	-0.000366	0.000600	-0.000282	0.000719	-0.002028	-0.001632	0.000322	0.152491	0.611584	0.126457	0.432594	0.100000	0.300000	0.120000	0.100000	0.040000	1.032663	0.999467	1.001950	1.000366	0.253018	0.248853	0.249163	0.248965	0.000000	11801.000000	0.000000	0.000000	0.000000
11900.000000	0.001306	-0.002168	-0.000342	-0.000270	-0.000117	-0.000886	0.003187	0.003630	-0.000124	0.161070	0.530000	0.170441	0.462390	0.103103	0.150000	0.120000	0.100000	0.040000	1.032932	1.000432	1.001306	1.000342	0.253034	0.248956	0.249065	0.248945	0.000000	11901.000000	0.000000	0.000000	0.000000
