iter	adv_short	mi_short	adv_med	mi_med	ent_long	sense_short	intra_short	adv_avg_short	sense_med	w_adv	w_mi	w_div	w_sense	w_intra	w_cons_floor	w_norm	ks_dom_score	ks_sit_score	ks_hist_score	ks_topo_score	ks_dom_weight	ks_sit_weight	ks_hist_weight	ks_topo_weight	ks_winner	ks_win_dom	ks_win_sit	ks_win_hist	ks_win_topo
100.000000	-0.002984	0.000269	-0.005715	0.000169	-0.000069	0.000073	-0.000231	-0.002504	0.000022	0.655213	0.100000	0.417394	0.155035	0.173076	0.100000	0.000000	1.038041	1.001360	1.000000	1.005715	0.253360	0.248756	0.248587	0.249298	0.000000	101.000000	0.000000	0.000000	0.000000
200.000000	-0.006776	0.001456	-0.001278	0.000630	-0.000106	0.000301	0.003642	-0.007945	0.000118	0.730000	0.100000	0.380000	0.146903	0.150000	0.100000	0.000000	1.033599	1.002672	1.000000	1.001278	0.253039	0.249156	0.248823	0.248982	0.000000	201.000000	0.000000	0.000000	0.000000
300.000000	0.003305	0.004607	-0.001385	0.003558	0.000004	0.000155	-0.001126	0.003711	0.000360	0.530000	0.100000	0.480000	0.113452	0.262603	0.100000	0.000000	1.033721	0.996052	1.003303	1.001384	0.253151	0.248428	0.249330	0.249091	0.000000	301.000000	0.000000	0.000000	0.000000
400.000000	0.006848	0.002510	-0.001089	0.006502	-0.000355	-0.000232	0.000426	0.008068	0.000151	0.530000	0.100000	0.480000	0.100000	0.150000	0.100000	0.000000	1.033376	0.995334	1.006848	1.001089	0.253038	0.248271	0.249704	0.248986	0.000000	401.000000	0.000000	0.000000	0.000000
500.000000	0.005853	0.002458	-0.001566	0.004772	-0.000924	-0.000335	0.000162	0.003462	0.000031	0.530000	0.100000	0.480000	0.110419	0.150000	0.100000	0.000000	1.033776	0.995855	1.005853	1.001566	0.253076	0.248323	0.249567	0.249033	0.000000	501.000000	0.000000	0.000000	0.000000
600.000000	0.005492	-0.000232	-0.001361	0.000741	-0.000307	-0.000187	0.000077	0.005648	-0.000220	0.530000	0.106970	0.478257	0.105490	0.150000	0.100000	0.002000	1.033655	0.997378	1.005492	1.001361	0.253035	0.248487	0.249497	0.248982	0.000000	601.000000	0.000000	0.000000	0.000000
700.000000	-0.008106	0.003827	-0.004241	0.002024	-0.000347	0.000296	-0.001799	-0.008149	0.000366	0.730000	0.100000	0.380000	0.100000	0.300000	0.100000	0.004000	1.036529	1.002160	1.000000	1.004241	0.253238	0.248924	0.248655	0.249183	0.000000	701.000000	0.000000	0.000000	0.000000
800.000000	-0.000194	-0.000153	0.003267	0.002829	-0.001660	-0.000401	-0.000495	0.004945	0.000233	0.530000	0.104586	0.478854	0.100000	0.199504	0.100000	0.006000	1.032111	1.000173	1.000000	1.000000	0.253017	0.249009	0.248987	0.248987	0.000000	801.000000	0.000000	0.000000	0.000000
900.000000	-0.002182	0.009154	-0.001801	0.003446	-0.000411	0.000683	-0.001770	-0.001881	0.000357	0.624047	0.100000	0.432976	0.100000	0.300000	0.100000	0.008000	1.034081	0.996536	1.000000	1.001801	0.253261	0.248551	0.248982	0.249206	0.000000	901.000000	0.000000	0.000000	0.000000
1000.000000	0.001084	0.001902	-0.000324	0.000076	0.000529	0.000206	-0.002007	0.004111	0.000011	0.530000	0.100000	0.480000	0.100000	0.300000	0.100000	0.010000	1.032730	0.998508	1.000908	1.000112	0.253096	0.248802	0.249101	0.249002	0.000000	1001.000000	0.000000	0.000000	0.000000
1100.000000	-0.006978	0.004073	0.000095	-0.001832	-0.001525	0.000270	0.000601	-0.009164	-0.000292	0.730000	0.136641	0.370840	0.107299	0.150000	0.100000	0.012000	1.033961	1.001469	1.000000	1.000000	0.253151	0.249072	0.248889	0.248889	0.000000	1101.000000	0.000000	0.000000	0.000000
1200.000000	-0.001925	0.002450	-0.002157	0.001660	0.000417	0.000531	-0.001497	-0.001787	0.000149	0.619330	0.100000	0.435335	0.100000	0.299666	0.100000	0.014000	1.034549	0.999740	0.999861	1.001991	0.253203	0.248834	0.248849	0.249114	0.000000	1201.000000	0.000000	0.000000	0.000000
1300.000000	-0.002085	0.001301	0.001687	0.000986	-0.000278	0.000117	0.000717	-0.003416	-0.000117	0.700813	0.100000	0.394593	0.102922	0.150000	0.100000	0.016000	1.032298	1.000394	1.000000	1.000000	0.253028	0.249023	0.248974	0.248974	0.000000	1301.000000	0.000000	0.000000	0.000000
1400.000000	-0.008618	0.005804	0.002889	-0.000569	0.000184	0.000341	-0.000676	-0.011458	0.000030	0.730000	0.111375	0.377156	0.100000	0.217578	0.100000	0.018000	1.032929	1.001434	0.999939	0.999926	0.253059	0.249105	0.248919	0.248917	0.000000	1401.000000	0.000000	0.000000	0.000000
1500.000000	-0.012213	0.002080	0.000095	0.000758	0.000132	-0.000067	0.000379	-0.011418	0.000088	0.730000	0.100000	0.380000	0.100000	0.150000	0.100000	0.020000	1.032353	1.005105	0.999956	0.999947	0.252887	0.249465	0.248824	0.248823	0.000000	1501.000000	0.000000	0.000000	0.000000
1600.000000	-0.007023	0.005863	-0.002130	-0.000113	-0.000033	0.000402	-0.001051	-0.006350	-0.000010	0.730000	0.102268	0.379433	0.100244	0.255085	0.100000	0.022000	1.034574	1.000601	1.000000	1.002130	0.253169	0.248905	0.248830	0.249095	0.000000	1601.000000	0.000000	0.000000	0.000000
1700.000000	-0.004420	0.006788	-0.000838	0.001173	-0.000245	0.001286	0.000975	-0.002587	0.000083	0.659374	0.100000	0.415313	0.100000	0.150000	0.100000	0.024000	1.033140	0.998832	1.000000	1.000838	0.253130	0.248825	0.248970	0.249075	0.000000	1701.000000	0.000000	0.000000	0.000000
1800.000000	-0.001239	0.006762	0.002064	0.000715	0.000004	0.001130	-0.003437	-0.000416	0.000101	0.550798	0.100000	0.469601	0.100000	0.300000	0.100000	0.026000	1.032336	0.997250	0.999999	0.999998	0.253130	0.248729	0.249071	0.249071	0.000000	1801.000000	0.000000	0.000000	0.000000
1900.000000	0.002965	-0.001488	0.003631	0.000337	-0.000636	0.000073	0.005835	0.003335	-0.000003	0.530000	0.144627	0.468843	0.100079	0.150000	0.100000	0.028000	1.032249	0.999264	1.002965	1.000000	0.252965	0.248827	0.249288	0.248919	0.000000	1901.000000	0.000000	0.000000	0.000000
2000.000000	-0.000739	-0.000395	-0.002308	0.000214	0.000030	-0.000465	0.000165	-0.001644	0.000078	0.612194	0.111840	0.435943	0.100000	0.150000	0.100000	0.030000	1.034648	1.000567	0.999990	1.002296	0.253172	0.248895	0.248823	0.249110	0.000000	2001.000000	0.000000	0.000000	0.000000
2100.000000	0.004286	-0.004077	-0.000509	-0.002083	0.000187	-0.000567	0.005267	0.006172	-0.000376	0.530000	0.263967	0.439008	0.109400	0.150000	0.100000	0.032000	1.034952	0.999904	1.004223	1.000434	0.253147	0.248750	0.249287	0.248816	0.000000	2101.000000	0.000000	0.000000	0.000000
2200.000000	-0.001714	-0.002461	-0.000072	0.000764	-0.000090	-0.000603	-0.001976	-0.001251	0.000273	0.592549	0.173838	0.430266	0.100000	0.300000	0.100000	0.034000	1.032395	1.002090	1.000000	1.000072	0.252981	0.249177	0.248917	0.248925	0.000000	2201.000000	0.000000	0.000000	0.000000
2300.000000	0.001753	-0.000081	-0.003214	-0.001309	0.000193	0.000408	-0.004780	-0.000593	-0.000218	0.559660	0.128623	0.458014	0.105455	0.300000	0.100000	0.036000	1.036884	0.999165	1.001688	1.003136	0.253348	0.248615	0.248929	0.249109	0.000000	2301.000000	0.000000	0.000000	0.000000
2400.000000	0.000029	-0.001300	0.001814	0.001092	0.000057	-0.000823	0.001925	0.001529	0.000415	0.530000	0.139007	0.470248	0.100000	0.150000	0.100000	0.038000	1.032343	1.000636	1.000010	0.999977	0.253025	0.249045	0.248967	0.248963	0.000000	2401.000000	0.000000	0.000000	0.000000
2500.000000	0.016703	0.001720	0.007586	0.003018	0.000251	0.001236	-0.004686	0.012542	0.000691	0.530000	0.100000	0.480000	0.100000	0.300000	0.100000	0.040000	1.032369	0.990859	1.016618	0.999900	0.252812	0.247619	0.250829	0.248741	0.000000	2501.000000	0.000000	0.000000	0.000000
2600.000000	-0.006326	-0.004664	-0.003237	-0.001128	-0.000410	-0.001449	0.006343	-0.004051	-0.000286	0.730000	0.262463	0.339384	0.107159	0.150000	0.100000	0.040000	1.036644	1.005510	1.000000	1.003237	0.253175	0.249265	0.248579	0.248981	0.000000	2601.000000	0.000000	0.000000	0.000000
2700.000000	-0.004048	-0.001396	-0.000308	-0.000684	0.000165	-0.000762	-0.002925	-0.000034	-0.000373	0.531684	0.155545	0.465272	0.109331	0.300000	0.100000	0.040000	1.033350	1.002727	0.999945	1.000242	0.253048	0.249203	0.248856	0.248893	0.000000	2701.000000	0.000000	0.000000	0.000000
2800.000000	-0.007546	-0.001573	-0.003669	-0.000781	0.000138	-0.000721	0.001570	-0.006148	-0.000388	0.730000	0.162794	0.364302	0.113356	0.150000	0.100000	0.040000	1.036803	1.004574	0.999954	1.003613	0.253209	0.249162	0.248587	0.249042	0.000000	2801.000000	0.000000	0.000000	0.000000
2900.000000	0.012324	-0.000032	-0.001122	-0.000287	0.000007	-0.000105	-0.001634	0.010558	-0.000319	0.530000	0.106687	0.478328	0.107985	0.300000	0.100000	0.040000	1.033745	0.993892	1.012322	1.001120	0.252945	0.247954	0.250250	0.248852	0.000000	2901.000000	0.000000	0.000000	0.000000
3000.000000	0.032031	0.008961	0.000335	-0.000670	-0.000281	0.002327	-0.013239	0.017543	-0.000097	0.530000	0.113392	0.476652	0.102413	0.300000	0.100000	0.040000	1.032967	0.979778	1.032031	1.000000	0.252721	0.246088	0.252602	0.248589	0.000000	3001.000000	0.000000	0.000000	0.000000
3100.000000	-0.001806	0.000549	0.008465	0.000517	-0.000496	0.000444	0.000879	0.005593	0.000196	0.530000	0.100000	0.480000	0.100000	0.150000	0.100000	0.040000	1.032268	1.000629	1.000000	1.000000	0.253017	0.249046	0.248968	0.248968	0.000000	3091.000000	0.000000	10.000000	0.000000
3200.000000	-0.028003	-0.001470	0.003113	0.000498	0.000392	-0.000373	0.007815	-0.009900	0.000072	0.730000	0.144093	0.368977	0.100000	0.150000	0.100000	0.040000	1.032388	1.014935	0.999869	0.999843	0.252586	0.250392	0.248513	0.248509	0.000000	3187.000000	0.000000	14.000000	0.000000
3300.000000	0.005710	0.000715	0.008036	0.000124	-0.001073	0.000305	-0.003103	-0.006039	-0.000045	0.730000	0.100000	0.380000	0.101133	0.300000	0.100000	0.040000	1.032190	0.996796	1.005710	1.000000	0.252951	0.248514	0.249624	0.248912	0.000000	3277.000000	0.000000	24.000000	0.000000
3400.000000	0.000437	-0.002218	-0.007189	-0.000875	0.000044	-0.000255	0.004703	0.008305	-0.000226	0.530000	0.184026	0.458994	0.105653	0.150000	0.100000	0.040000	1.040405	1.000892	1.000422	1.007172	0.253539	0.248579	0.248521	0.249361	0.000000	3367.000000	0.000000	34.000000	0.000000
3500.000000	-0.002743	0.000594	0.006116	0.000090	-0.000333	-0.000012	0.002671	-0.001269	0.000135	0.593461	0.100000	0.448269	0.100000	0.150000	0.100000	0.040000	1.032290	1.001076	1.000000	1.000000	0.253006	0.249088	0.248953	0.248953	0.000000	3458.000000	0.000000	43.000000	0.000000
3600.000000	-0.005776	-0.001594	-0.001454	-0.000223	0.000188	-0.001067	0.005237	0.006115	-0.000217	0.530000	0.152279	0.466930	0.105421	0.150000	0.100000	0.040000	1.034038	1.003694	0.999937	1.001379	0.253047	0.249236	0.248769	0.248948	0.000000	3558.000000	0.000000	43.000000	0.000000
3700.000000	-0.021973	0.000275	-0.000633	-0.000016	-0.000524	0.000408	0.009485	-0.020901	0.000061	0.730000	0.100318	0.379921	0.100000	0.150000	0.100000	0.040000	1.032913	1.010970	1.000000	1.000633	0.252732	0.249975	0.248607	0.248686	0.000000	3658.000000	0.000000	43.000000	0.000000
3800.000000	0.003203	0.000716	0.004561	0.000566	-0.000475	0.000194	-0.003869	0.003079	0.000055	0.530000	0.100000	0.480000	0.100000	0.300000	0.100000	0.040000	1.032271	0.998043	1.003203	1.000000	0.252998	0.248705	0.249348	0.248949	0.000000	3758.000000	0.000000	43.000000	0.000000
3900.000000	0.009333	0.000759	-0.001217	-0.000750	0.000439	0.000758	-0.008799	0.000783	-0.000336	0.530000	0.115007	0.476248	0.108388	0.300000	0.100000	0.040000	1.034362	0.994976	1.009185	1.001041	0.253071	0.248136	0.249905	0.248889	0.000000	3858.000000	0.000000	43.000000	0.000000
4000.000000	0.004310	-0.001921	0.001966	-0.000361	-0.000011	-0.001650	0.011141	0.005726	-0.000305	0.530000	0.164842	0.463789	0.107619	0.150000	0.100000	0.040000	1.032695	0.998811	1.004310	1.000000	0.252979	0.248729	0.249414	0.248877	0.000000	3958.000000	0.000000	43.000000	0.000000
4100.000000	0.028105	0.000030	0.002342	0.000086	-0.000006	0.000440	-0.000666	0.014818	0.000065	0.530000	0.100000	0.480000	0.100000	0.216612	0.100000	0.040000	1.032335	0.986128	1.028105	1.000000	0.252588	0.246820	0.252055	0.248537	0.000000	4058.000000	0.000000	43.000000	0.000000
4200.000000	-0.004381	-0.003251	0.000099	-0.000279	0.000299	-0.001300	0.003257	-0.001093	-0.000157	0.584636	0.203108	0.426905	0.103925	0.150000	0.100000	0.040000	1.032655	1.003824	0.999901	0.999881	0.252960	0.249340	0.248851	0.248849	0.000000	4158.000000	0.000000	43.000000	0.000000
4300.000000	0.015167	0.002243	-0.001229	-0.000384	0.000522	0.001215	-0.000952	0.009884	-0.000023	0.530000	0.107673	0.478082	0.100574	0.245212	0.100000	0.040000	1.034019	0.991353	1.014991	1.001021	0.252969	0.247629	0.250573	0.248829	0.000000	4258.000000	0.000000	43.000000	0.000000
4400.000000	0.002439	0.000042	0.002116	0.000112	-0.000368	0.000240	-0.000935	0.006829	0.000383	0.530000	0.100000	0.480000	0.100000	0.243524	0.100000	0.040000	1.032285	0.998761	1.002439	1.000000	0.253001	0.248796	0.249254	0.248950	0.000000	4358.000000	0.000000	43.000000	0.000000
4500.000000	-0.002835	-0.001335	0.000471	0.000693	-0.000026	-0.000481	0.002283	-0.001653	0.000252	0.612631	0.140039	0.428675	0.100000	0.150000	0.100000	0.040000	1.032332	1.002087	1.000000	1.000000	0.252978	0.249181	0.248921	0.248921	0.000000	4458.000000	0.000000	43.000000	0.000000
4600.000000	0.003178	-0.000008	0.002499	0.000383	0.000148	-0.000390	-0.003364	0.002664	0.000176	0.530000	0.100252	0.479937	0.100000	0.300000	0.100000	0.040000	1.032355	0.998417	1.003129	0.999941	0.252999	0.248742	0.249328	0.248931	0.000000	4558.000000	0.000000	43.000000	0.000000
4700.000000	-0.000690	0.001806	0.004485	0.000507	-0.000021	0.000758	-0.002423	0.004679	0.000307	0.530000	0.100000	0.480000	0.100000	0.300000	0.100000	0.040000	1.032332	0.999443	1.000000	1.000000	0.253061	0.248933	0.249003	0.249003	0.000000	4658.000000	0.000000	43.000000	0.000000
4800.000000	0.014450	0.008000	0.000212	-0.000253	-0.000157	0.001256	-0.003072	-0.001721	-0.000439	0.616036	0.105067	0.435715	0.110973	0.300000	0.100000	0.040000	1.032567	0.988843	1.014450	1.000000	0.252959	0.247489	0.250678	0.248874	0.000000	4758.000000	0.000000	43.000000	0.000000
4900.000000	0.000028	0.004316	0.002741	0.000294	-0.000750	0.000521	-0.001521	-0.004877	-0.000001	0.730000	0.100000	0.380000	0.100036	0.300000	0.100000	0.040000	1.032234	0.997833	1.000028	1.000000	0.253101	0.248785	0.249058	0.249055	0.000000	4858.000000	0.000000	43.000000	0.000000
5000.000000	0.011750	0.001728	0.000314	0.000000	0.000198	0.000623	0.001538	0.007574	-0.000077	0.530000	0.100000	0.480000	0.101921	0.150000	0.100000	0.040000	1.032362	0.993297	1.011683	0.999921	0.252890	0.247999	0.250289	0.248822	0.000000	4958.000000	0.000000	43.000000	0.000000
5100.000000	-0.011154	-0.003525	-0.001756	0.000432	0.000261	-0.001199	0.001327	-0.000796	0.000151	0.569784	0.205748	0.433671	0.100000	0.150000	0.100000	0.040000	1.034127	1.007374	0.999913	1.001652	0.252931	0.249570	0.248641	0.248857	0.000000	5058.000000	0.000000	43.000000	0.000000
5200.000000	-0.002849	0.003262	-0.007572	0.000983	0.000382	0.000809	-0.001264	-0.006464	0.000183	0.730000	0.100000	0.380000	0.100000	0.276419	0.100000	0.040000	1.039959	0.999798	0.999873	1.007419	0.253541	0.248500	0.248510	0.249449	0.000000	5158.000000	0.000000	43.000000	0.000000
5300.000000	0.010431	0.001212	-0.000852	0.000269	0.000718	-0.000189	0.000871	-0.002800	-0.000126	0.669993	0.100000	0.410003	0.103139	0.150000	0.100000	0.040000	1.033285	0.994206	1.010190	1.000565	0.252976	0.248081	0.250072	0.248871	0.000000	5258.000000	0.000000	43.000000	0.000000
5400.000000	-0.017797	-0.001204	-0.001861	0.000770	0.000104	-0.001272	0.005269	-0.010474	0.000374	0.730000	0.136125	0.370969	0.100000	0.150000	0.100000	0.040000	1.034210	1.009581	0.999965	1.001819	0.252862	0.249768	0.248570	0.248800	0.000000	5358.000000	0.000000	43.000000	0.000000
5500.000000	0.005765	0.000187	0.000930	-0.000309	0.000322	-0.000389	0.002610	-0.002567	-0.000314	0.658340	0.106184	0.414284	0.107855	0.150000	0.100000	0.040000	1.032688	0.997032	1.005657	0.999871	0.252996	0.248526	0.249600	0.248879	0.000000	5458.000000	0.000000	43.000000	0.000000
5600.000000	-0.009351	-0.000154	0.003002	0.000079	0.000022	0.000086	-0.003622	-0.016292	-0.000018	0.730000	0.104626	0.378843	0.100445	0.300000	0.100000	0.040000	1.032338	1.004774	0.999993	0.999991	0.252894	0.249433	0.248837	0.248837	0.000000	5558.000000	0.000000	43.000000	0.000000
5700.000000	0.012002	0.000084	0.000694	0.000351	0.000423	-0.000213	0.000862	0.003761	0.000185	0.530000	0.100000	0.480000	0.100000	0.150000	0.100000	0.040000	1.032393	0.993993	1.011859	0.999831	0.252869	0.248060	0.250286	0.248785	0.000000	5658.000000	0.000000	43.000000	0.000000
5800.000000	0.002488	-0.000262	0.000822	0.000200	0.000023	-0.000877	0.005245	-0.011832	0.000121	0.730000	0.107872	0.378032	0.100000	0.150000	0.100000	0.040000	1.032338	0.998889	1.002481	0.999991	0.253001	0.248805	0.249252	0.248942	0.000000	5758.000000	0.000000	43.000000	0.000000
5900.000000	0.001047	0.000584	-0.001455	0.000030	0.000068	0.000213	0.000574	-0.002658	-0.000064	0.662917	0.100000	0.413541	0.101604	0.150000	0.100000	0.040000	1.033799	0.999185	1.001024	1.001427	0.253130	0.248787	0.249016	0.249066	0.000000	5857.000000	0.000000	44.000000	0.000000
6000.000000	0.005740	0.000481	0.001911	0.000074	0.000106	0.000653	-0.004830	-0.004019	0.000095	0.730000	0.100000	0.380000	0.100000	0.300000	0.100000	0.040000	1.032350	0.996898	1.005704	0.999958	0.252964	0.248520	0.249616	0.248900	0.000000	5957.000000	0.000000	44.000000	0.000000
6100.000000	-0.014588	-0.001276	-0.002634	-0.000191	0.000109	-0.000793	0.007460	0.002852	-0.000097	0.530000	0.142101	0.469475	0.102413	0.150000	0.100000	0.040000	1.035175	1.007986	0.999964	1.002591	0.252980	0.249564	0.248565	0.248892	0.000000	6057.000000	0.000000	44.000000	0.000000
6200.000000	-0.007018	-0.000578	0.003114	-0.000080	-0.000214	-0.001281	0.013155	0.000291	-0.000078	0.530000	0.118937	0.475266	0.101962	0.150000	0.100000	0.040000	1.032386	1.003811	1.000000	1.000000	0.252928	0.249340	0.248866	0.248866	0.000000	6157.000000	0.000000	44.000000	0.000000
6300.000000	0.018835	-0.000431	0.002705	0.000151	0.000229	0.000025	-0.001558	0.003215	0.000360	0.530000	0.112920	0.476770	0.100000	0.300000	0.100000	0.040000	1.032366	0.990886	1.018757	0.999908	0.252743	0.247555	0.251029	0.248674	0.000000	6257.000000	0.000000	44.000000	0.000000
6400.000000	-0.007156	0.000235	0.000950	-0.000062	0.000090	0.000103	0.010061	0.004054	-0.000069	0.530000	0.101247	0.479688	0.101736	0.150000	0.100000	0.040000	1.032410	1.003474	0.999970	0.999964	0.252943	0.249310	0.248874	0.248873	0.000000	6357.000000	0.000000	44.000000	0.000000
6500.000000	0.000002	-0.000679	0.002272	0.000069	-0.000201	-0.000578	0.005053	-0.000333	0.000274	0.546637	0.120377	0.466587	0.100000	0.150000	0.100000	0.040000	1.032308	1.000339	1.000002	1.000000	0.253030	0.249018	0.248976	0.248976	0.000000	6457.000000	0.000000	44.000000	0.000000
6600.000000	-0.021765	-0.000910	0.001023	0.000041	-0.000090	-0.000877	0.008915	-0.001715	0.000082	0.615740	0.127306	0.430304	0.100000	0.150000	0.100000	0.040000	1.032323	1.011457	1.000000	1.000000	0.252681	0.250059	0.248630	0.248630	0.000000	6557.000000	0.000000	44.000000	0.000000
6700.000000	-0.016129	-0.000455	-0.003387	0.000037	0.000040	-0.000241	0.005060	-0.007261	0.000082	0.730000	0.113664	0.376584	0.100000	0.150000	0.100000	0.040000	1.035728	1.008358	0.999987	1.003371	0.252995	0.249556	0.248514	0.248935	0.000000	6657.000000	0.000000	44.000000	0.000000
6800.000000	-0.004890	-0.000432	-0.002492	-0.000082	-0.000425	-0.000563	0.002117	-0.003728	-0.000250	0.716395	0.114579	0.383157	0.106258	0.150000	0.100000	0.040000	1.034851	1.002667	1.000000	1.002492	0.253119	0.249078	0.248746	0.249056	0.000000	6757.000000	0.000000	44.000000	0.000000
6900.000000	0.009151	0.000122	-0.001281	0.000178	0.000041	0.000352	-0.002100	0.001188	-0.000065	0.530000	0.100000	0.480000	0.101625	0.300000	0.100000	0.040000	1.033622	0.995384	1.009138	1.001265	0.252982	0.248191	0.249904	0.248922	0.000000	6857.000000	0.000000	44.000000	0.000000
7000.000000	0.000043	-0.000213	0.000608	-0.000137	-0.000207	0.000025	-0.001594	0.003151	0.000097	0.530000	0.109125	0.477719	0.100000	0.300000	0.100000	0.040000	1.032444	1.000085	1.000043	1.000000	0.253050	0.248989	0.248983	0.248978	0.000000	6957.000000	0.000000	44.000000	0.000000
7100.000000	-0.010388	-0.000234	0.000517	-0.000091	-0.000119	-0.001113	0.012158	0.001303	-0.000210	0.530000	0.108845	0.477789	0.105239	0.150000	0.100000	0.040000	1.032410	1.005338	1.000000	1.000000	0.252882	0.249483	0.248818	0.248818	0.000000	7057.000000	0.000000	44.000000	0.000000
7200.000000	0.006829	-0.000407	-0.002351	-0.000313	0.000317	0.000741	-0.005600	0.005449	0.000012	0.530000	0.118465	0.475384	0.100000	0.300000	0.100000	0.040000	1.035043	0.996800	1.006723	1.002224	0.253118	0.248324	0.249559	0.248999	0.000000	7157.000000	0.000000	44.000000	0.000000
7300.000000	-0.001439	-0.000404	-0.000280	0.000057	-0.000102	-0.000378	-0.000440	0.012826	-0.000053	0.530000	0.112113	0.476972	0.101337	0.194027	0.100000	0.040000	1.032601	1.000922	1.000000	1.000280	0.253031	0.249055	0.248940	0.248975	0.000000	7257.000000	0.000000	44.000000	0.000000
7400.000000	-0.011285	-0.000199	0.002085	0.000229	0.000542	-0.000569	0.008321	0.007993	0.000294	0.530000	0.105977	0.478506	0.100000	0.150000	0.100000	0.040000	1.032409	1.005774	0.999819	0.999783	0.252881	0.249536	0.248794	0.248789	0.000000	7357.000000	0.000000	44.000000	0.000000
7500.000000	0.010854	-0.000553	0.001103	-0.000116	0.000531	0.000072	-0.004590	-0.000305	0.000095	0.545265	0.118911	0.467640	0.100000	0.300000	0.100000	0.040000	1.032523	0.994879	1.010675	0.999788	0.252892	0.248177	0.250145	0.248787	0.000000	7457.000000	0.000000	44.000000	0.000000
7600.000000	0.002634	0.000083	0.002073	-0.000139	0.000159	0.000547	-0.003483	0.000674	0.000007	0.530000	0.102780	0.479305	0.100000	0.300000	0.100000	0.040000	1.032496	0.998643	1.002581	0.999936	0.253022	0.248776	0.249266	0.248936	0.000000	7557.000000	0.000000	44.000000	0.000000
7700.000000	0.002703	-0.000260	0.003453	0.000183	0.000338	-0.000301	0.000589	0.001410	0.000003	0.530000	0.107791	0.478052	0.100000	0.150000	0.100000	0.040000	1.032381	0.998780	1.002590	0.999865	0.253009	0.248794	0.249268	0.248929	0.000000	7657.000000	0.000000	44.000000	0.000000
7800.000000	-0.002249	-0.000224	0.001211	0.000009	0.000150	0.000279	-0.004978	-0.006539	0.000152	0.730000	0.106712	0.378322	0.100000	0.300000	0.100000	0.040000	1.032356	1.001237	0.999950	0.999940	0.253010	0.249104	0.248944	0.248942	0.000000	7757.000000	0.000000	44.000000	0.000000
7900.000000	-0.003888	-0.000546	0.000885	-0.000019	0.000173	-0.000618	0.004748	0.000355	-0.000123	0.530000	0.116752	0.475812	0.103074	0.150000	0.100000	0.040000	1.032378	1.002221	0.999942	0.999931	0.252982	0.249196	0.248912	0.248911	0.000000	7857.000000	0.000000	44.000000	0.000000
8000.000000	-0.006585	0.000338	0.001527	0.000129	-0.000021	-0.000386	-0.002715	-0.003968	0.000160	0.728383	0.100000	0.380809	0.100000	0.300000	0.100000	0.040000	1.032332	1.003135	1.000000	1.000000	0.252945	0.249279	0.248888	0.248888	0.000000	7957.000000	0.000000	44.000000	0.000000
8100.000000	-0.003965	0.000336	0.001520	-0.000063	0.000653	0.000148	0.003370	-0.000520	-0.000152	0.556010	0.101268	0.466678	0.103808	0.150000	0.100000	0.040000	1.032487	1.001819	0.999782	0.999739	0.253016	0.249166	0.248912	0.248907	0.000000	8057.000000	0.000000	44.000000	0.000000
8200.000000	0.001009	0.000020	-0.001118	0.000219	0.000017	0.000659	-0.008157	-0.007271	0.000098	0.730000	0.100000	0.380000	0.100000	0.300000	0.100000	0.040000	1.033456	0.999486	1.001004	1.001111	0.253099	0.248837	0.249025	0.249039	0.000000	8157.000000	0.000000	44.000000	0.000000
8300.000000	0.007632	0.000624	-0.000604	-0.000208	0.000369	0.000420	-0.000718	0.007860	-0.000058	0.530000	0.104168	0.478958	0.101457	0.221820	0.100000	0.040000	1.033197	0.995887	1.007508	1.000456	0.253003	0.248327	0.249774	0.248895	0.000000	8257.000000	0.000000	44.000000	0.000000
8400.000000	-0.005364	0.000219	-0.000772	-0.000108	0.000518	-0.000442	0.004579	-0.005632	-0.000080	0.730000	0.102168	0.379458	0.101993	0.150000	0.100000	0.040000	1.033286	1.002580	0.999827	1.000565	0.253040	0.249185	0.248842	0.248934	0.000000	8357.000000	0.000000	44.000000	0.000000
8500.000000	0.007267	0.000024	0.000639	0.000097	-0.000021	0.000620	-0.008750	0.002961	0.000158	0.530000	0.100000	0.480000	0.100000	0.300000	0.100000	0.040000	1.032333	0.996368	1.007267	1.000000	0.252928	0.248421	0.249778	0.248872	0.000000	8457.000000	0.000000	44.000000	0.000000
8600.000000	-0.006476	-0.000556	0.000845	0.000008	-0.000125	-0.000170	0.007311	0.004748	0.000119	0.530000	0.116694	0.475826	0.100000	0.150000	0.100000	0.040000	1.032318	1.003527	1.000000	1.000000	0.252931	0.249316	0.248877	0.248877	0.000000	8557.000000	0.000000	44.000000	0.000000
8700.000000	0.005369	0.000334	-0.000635	-0.000030	-0.000145	-0.000391	-0.000248	-0.001532	-0.000081	0.606614	0.100609	0.441541	0.102015	0.174774	0.100000	0.040000	1.032982	0.997156	1.005369	1.000635	0.253005	0.248513	0.249536	0.248946	0.000000	8657.000000	0.000000	44.000000	0.000000
8800.000000	0.000199	-0.000006	0.000410	-0.000026	0.000002	-0.000063	0.002646	0.003736	-0.000033	0.530000	0.100710	0.479823	0.100821	0.150000	0.100000	0.040000	1.032362	0.999903	1.000199	0.999999	0.253043	0.248969	0.249006	0.248981	0.000000	8757.000000	0.000000	44.000000	0.000000
8900.000000	-0.004593	0.000636	-0.000624	0.000084	0.000222	-0.000048	0.005304	-0.001953	0.000156	0.627630	0.100000	0.431185	0.100000	0.150000	0.100000	0.040000	1.032989	1.001984	0.999926	1.000535	0.253028	0.249136	0.248880	0.248956	0.000000	8857.000000	0.000000	44.000000	0.000000
9000.000000	0.001490	-0.000526	0.000962	0.000040	-0.000305	-0.000839	0.005577	0.000518	0.000035	0.530000	0.115783	0.476054	0.100000	0.150000	0.100000	0.040000	1.032294	0.999519	1.001490	1.000000	0.253008	0.248896	0.249141	0.248955	0.000000	8957.000000	0.000000	44.000000	0.000000
9100.000000	-0.003327	-0.000041	-0.001072	0.000046	-0.000182	-0.000908	0.005858	-0.001907	-0.000077	0.625365	0.101231	0.432010	0.101921	0.150000	0.100000	0.040000	1.033383	1.001687	1.000000	1.001072	0.253056	0.249077	0.248867	0.249000	0.000000	9057.000000	0.000000	44.000000	0.000000
9200.000000	-0.004171	0.000103	-0.000223	0.000061	0.000226	0.000418	-0.000274	-0.003758	-0.000034	0.717888	0.100000	0.386056	0.100838	0.177446	0.100000	0.040000	1.032589	1.002039	0.999925	1.000133	0.253002	0.249166	0.248903	0.248929	0.000000	9157.000000	0.000000	44.000000	0.000000
9300.000000	0.004146	0.000619	-0.000873	0.000099	-0.000135	0.000524	-0.002291	0.009059	0.000003	0.530000	0.100000	0.480000	0.100000	0.300000	0.100000	0.040000	1.033190	0.997622	1.004146	1.000873	0.253041	0.248581	0.249393	0.248985	0.000000	9257.000000	0.000000	44.000000	0.000000
9400.000000	-0.006477	-0.000240	0.000111	0.000008	-0.000357	-0.000995	0.001917	-0.001692	0.000073	0.614596	0.107199	0.435902	0.100000	0.150000	0.100000	0.040000	1.032287	1.003369	1.000000	1.000000	0.252933	0.249302	0.248883	0.248883	0.000000	9357.000000	0.000000	44.000000	0.000000
9500.000000	0.003539	0.000071	0.001543	0.000077	0.000176	-0.000069	-0.004309	-0.004146	0.000104	0.730000	0.100000	0.380000	0.100000	0.300000	0.100000	0.040000	1.032359	0.998198	1.003480	0.999930	0.252995	0.248711	0.249368	0.248926	0.000000	9457.000000	0.000000	44.000000	0.000000
9600.000000	0.002705	0.000281	0.001392	0.000169	0.000008	0.000725	-0.005694	-0.001032	0.000074	0.581591	0.100000	0.454205	0.100000	0.300000	0.100000	0.040000	1.032336	0.998509	1.002703	0.999997	0.253006	0.248762	0.249285	0.248948	0.000000	9557.000000	0.000000	44.000000	0.000000
9700.000000	-0.003286	-0.000384	-0.001012	-0.000128	-0.000007	-0.000389	0.002530	-0.007979	-0.000123	0.730000	0.114079	0.376480	0.103067	0.150000	0.100000	0.040000	1.033474	1.001838	1.000000	1.001012	0.253061	0.249090	0.248861	0.248987	0.000000	9657.000000	0.000000	44.000000	0.000000
9800.000000	-0.001479	0.000073	-0.002248	0.000035	-0.000110	-0.000025	0.000630	-0.004200	0.000127	0.730000	0.100000	0.380000	0.100000	0.150000	0.100000	0.040000	1.034568	1.000703	1.000000	1.002248	0.253162	0.248911	0.248824	0.249103	0.000000	9757.000000	0.000000	44.000000	0.000000
9900.000000	-0.007215	0.000198	-0.000414	0.000067	0.000007	-0.000248	0.004113	0.004880	-0.000063	0.530000	0.100000	0.480000	0.101581	0.150000	0.100000	0.040000	1.032750	1.003522	0.999998	1.000411	0.252959	0.249289	0.248850	0.248902	0.000000	9857.000000	0.000000	44.000000	0.000000
10000.000000	0.001316	0.000011	-0.001451	-0.000023	-0.000618	-0.000561	0.005888	0.004802	-0.000122	0.530000	0.100469	0.479883	0.103059	0.150000	0.100000	0.040000	1.033726	0.999337	1.001316	1.001451	0.253109	0.248794	0.249040	0.249057	0.000000	9957.000000	0.000000	44.000000	0.000000
10100.000000	-0.003666	0.000264	-0.000426	-0.000186	-0.000155	0.000017	0.000299	-0.000157	-0.000129	0.537850	0.103726	0.475143	0.103213	0.150000	0.100000	0.040000	1.032927	1.001704	1.000000	1.000426	0.253032	0.249113	0.248901	0.248954	0.000000	10057.000000	0.000000	44.000000	0.000000
10200.000000	-0.005559	0.000420	-0.002015	-0.000008	0.000037	0.000053	-0.001180	-0.007385	-0.000095	0.730000	0.100164	0.379959	0.102364	0.267996	0.100000	0.040000	1.034364	1.002577	0.999988	1.002000	0.253092	0.249101	0.248779	0.249029	0.000000	10157.000000	0.000000	44.000000	0.000000
10300.000000	0.000356	0.000154	0.000382	-0.000024	-0.000019	0.000345	-0.006716	0.002724	0.000076	0.530000	0.100482	0.479879	0.100000	0.300000	0.100000	0.040000	1.032357	0.999745	1.000356	1.000000	0.253042	0.248950	0.249026	0.248982	0.000000	10257.000000	0.000000	44.000000	0.000000
10400.000000	-0.011829	0.000185	-0.000698	-0.000025	-0.000161	0.000610	-0.000385	-0.007868	0.000166	0.730000	0.100493	0.379877	0.100000	0.188519	0.100000	0.040000	1.033036	1.005857	1.000000	1.000698	0.252903	0.249490	0.248760	0.248847	0.000000	10357.000000	0.000000	44.000000	0.000000
10500.000000	-0.000799	-0.000092	-0.000046	0.000181	-0.000307	-0.000578	0.005932	0.005143	-0.000147	0.530000	0.102757	0.479311	0.103671	0.150000	0.100000	0.040000	1.032340	1.000446	1.000000	1.000046	0.253029	0.249026	0.248970	0.248976	0.000000	10457.000000	0.000000	44.000000	0.000000
10600.000000	0.002277	-0.000460	-0.000724	-0.000065	0.000972	-0.000402	0.003720	0.003013	0.000059	0.530000	0.115095	0.476226	0.100000	0.150000	0.100000	0.040000	1.033256	0.999093	1.001953	1.000335	0.253087	0.248801	0.249157	0.248955	0.000000	10557.000000	0.000000	44.000000	0.000000
10700.000000	0.001100	0.000290	-0.001562	0.000057	-0.000330	0.000031	-0.001063	0.004320	-0.000071	0.530000	0.100000	0.480000	0.101775	0.256314	0.100000	0.040000	1.033853	0.999305	1.001100	1.001562	0.253125	0.248790	0.249014	0.249071	0.000000	10657.000000	0.000000	44.000000	0.000000
10800.000000	0.003527	0.000177	-0.000136	0.000004	0.000053	0.000384	-0.002165	0.007547	-0.000046	0.530000	0.100000	0.480000	0.101157	0.300000	0.100000	0.040000	1.032479	0.998151	1.003509	1.000115	0.253001	0.248696	0.249363	0.248940	0.000000	10757.000000	0.000000	44.000000	0.000000
10900.000000	-0.005437	0.000162	-0.001375	-0.000059	-0.000047	0.000515	-0.005684	0.001464	0.000001	0.530000	0.101190	0.479703	0.100000	0.300000	0.100000	0.040000	1.033763	1.002645	1.000000	1.001375	0.253052	0.249145	0.248816	0.248987	0.000000	10857.000000	0.000000	44.000000	0.000000
11000.000000	0.000410	0.000318	0.001786	0.000060	-0.000298	0.000257	-0.001126	0.003859	0.000087	0.530000	0.100000	0.480000	0.100000	0.262621	0.100000	0.040000	1.032295	0.999636	1.000410	1.000000	0.253038	0.248940	0.249036	0.248985	0.000000	10957.000000	0.000000	44.000000	0.000000
11100.000000	0.001857	0.000019	-0.000247	0.000067	0.000191	-0.000221	0.005983	-0.001909	0.000015	0.625433	0.100000	0.432284	0.100000	0.150000	0.100000	0.040000	1.032608	0.999063	1.001793	1.000171	0.253037	0.248828	0.249168	0.248966	0.000000	11057.000000	0.000000	44.000000	0.000000
11200.000000	0.004606	0.000339	0.000783	0.000123	-0.000247	0.000978	-0.007128	0.009964	0.000056	0.530000	0.100000	0.480000	0.100000	0.300000	0.100000	0.040000	1.032302	0.997533	1.004606	1.000000	0.252973	0.248613	0.249494	0.248920	0.000000	11157.000000	0.000000	44.000000	0.000000
11300.000000	0.001253	0.000236	-0.001491	0.000063	-0.000371	0.000065	-0.000080	0.006936	-0.000028	0.530000	0.100000	0.480000	0.100695	0.157957	0.100000	0.040000	1.033776	0.999256	1.001253	1.001491	0.253117	0.248785	0.249034	0.249064	0.000000	11257.000000	0.000000	44.000000	0.000000
11400.000000	0.005118	0.000015	0.001329	-0.000023	0.000167	0.000531	-0.002343	0.005189	0.000179	0.530000	0.100463	0.479884	0.100000	0.300000	0.100000	0.040000	1.032381	0.997440	1.005062	0.999933	0.252971	0.248590	0.249539	0.248900	0.000000	11357.000000	0.000000	44.000000	0.000000
11500.000000	0.002060	0.000192	-0.001065	0.000005	-0.000101	0.000234	-0.001519	-0.005780	-0.000124	0.730000	0.100000	0.380000	0.103097	0.300000	0.100000	0.040000	1.033386	0.998875	1.002060	1.001065	0.253080	0.248750	0.249147	0.249023	0.000000	11457.000000	0.000000	44.000000	0.000000
11600.000000	-0.000861	0.000137	0.000294	-0.000018	-0.000259	-0.000820	0.002818	0.001540	-0.000181	0.530000	0.100354	0.479912	0.104527	0.150000	0.100000	0.040000	1.032318	1.000362	1.000000	1.000000	0.253031	0.249020	0.248975	0.248975	0.000000	11557.000000	0.000000	44.000000	0.000000
11700.000000	0.003212	-0.000375	0.000258	-0.000072	0.000175	0.000055	0.000104	-0.000190	-0.000157	0.539477	0.112710	0.472084	0.103913	0.150000	0.100000	0.040000	1.032431	0.998585	1.003153	0.999930	0.253000	0.248755	0.249323	0.248922	0.000000	11657.000000	0.000000	44.000000	0.000000
11800.000000	-0.002585	0.000108	-0.000103	0.000037	-0.000000	0.000287	-0.001987	-0.003435	-0.000070	0.701738	0.100000	0.394131	0.101742	0.300000	0.100000	0.040000	1.032438	1.001240	1.000000	1.000103	0.253011	0.249095	0.248941	0.248953	0.000000	11757.000000	0.000000	44.000000	0.000000
11900.000000	0.001041	0.000236	-0.001088	-0.000013	0.000546	0.000469	0.000336	-0.000287	0.000151	0.544371	0.100258	0.472750	0.100000	0.150000	0.100000	0.040000	1.033510	0.999362	1.000858	1.000870	0.253120	0.248835	0.249022	0.249023	0.000000	11857.000000	0.000000	44.000000	0.000000
