iter	adv_max	adv_avg	adv_min	adv_std	mi_max	mi_avg	mi_min	mi_std	r_cons_avg	r_sense_avg	r_intra_avg	norm_pen_avg	safety_avg	spread_avg	real_fake_loss	ca_blend	ca_rfl_gate	ca_has_data	ks_winner
100.000000	-1.063615	-1.101987	-1.144944	0.013032	-2.378306	-2.388700	-2.396249	0.002799	0.247370	0.007384	0.885039	0.089279	9.139975	0.222952	0.628910	0.000000	0.000000	1.000000	0.000000
200.000000	-1.195154	-1.299524	-1.375734	0.023470	-2.308984	-2.353427	-2.384122	0.012442	0.262231	0.010362	0.788351	0.094557	9.178979	0.241984	0.584628	0.000000	0.507442	1.000000	0.000000
300.000000	-1.188458	-1.355912	-1.521986	0.059288	-2.060581	-2.213744	-2.355048	0.053214	0.245705	0.026109	0.961166	0.037478	9.386831	0.179817	0.533474	0.000000	1.000000	1.000000	0.000000
400.000000	-1.218433	-1.376959	-1.540973	0.048853	-1.720427	-2.036819	-2.386211	0.116378	0.176297	0.025736	0.989301	0.051799	9.479413	0.158259	0.478767	0.000000	1.000000	1.000000	0.000000
500.000000	-1.520630	-1.692492	-2.016659	0.086782	-1.389193	-2.011383	-2.847330	0.251792	0.161943	0.025502	0.999213	0.056147	9.570867	0.131568	0.433990	0.000000	1.000000	1.000000	0.000000
600.000000	-1.689263	-1.905825	-2.167486	0.098988	-0.897049	-1.633622	-2.829308	0.362631	0.127783	0.033793	0.985201	0.035854	10.068546	0.095545	0.394170	0.000000	0.283396	1.000000	0.000000
700.000000	-1.691919	-1.810022	-1.971930	0.045482	-0.692822	-1.293268	-2.621017	0.321159	0.091666	0.036481	0.933494	0.025511	10.601927	0.072883	0.370743	0.000000	0.000000	1.000000	0.000000
800.000000	-1.670729	-1.763936	-1.921940	0.045145	-0.454147	-1.061500	-3.629732	0.350596	0.085853	0.053330	0.911550	0.022540	10.946554	0.068113	0.374402	0.000000	0.000000	1.000000	0.000000
900.000000	-1.789479	-1.973570	-2.136421	0.057840	-0.475355	-1.251683	-3.614851	0.545240	0.100575	0.049358	0.966259	0.035545	10.533398	0.083859	0.351282	0.000000	0.000000	1.000000	0.000000
1000.000000	-2.016190	-2.152797	-2.287353	0.047139	-0.343585	-0.946258	-2.475249	0.370027	0.082238	0.055747	0.876983	0.016351	11.423029	0.060190	0.331507	0.000000	0.000000	1.000000	0.000000
1100.000000	-1.969284	-2.124274	-2.322001	0.063740	-0.344084	-0.778368	-1.903465	0.235667	0.071365	0.055095	0.914926	0.011467	11.185621	0.057213	0.334794	0.000000	0.000000	1.000000	0.000000
1200.000000	-2.017855	-2.209775	-2.385921	0.064414	-0.206290	-0.714338	-1.867454	0.219964	0.062446	0.053834	0.891174	0.008822	11.336008	0.053380	0.333900	0.000000	0.000000	1.000000	0.000000
1300.000000	-2.105413	-2.273131	-2.501891	0.064216	-0.411547	-1.100455	-2.621123	0.301404	0.070849	0.029969	0.944208	0.008832	10.218427	0.056042	0.316044	0.000000	0.000000	1.000000	0.000000
1400.000000	-2.206912	-2.360966	-2.529649	0.046181	-0.159966	-0.722523	-2.612117	0.301546	0.068964	0.062778	0.879413	0.012651	11.486458	0.056601	0.316634	0.000000	0.000000	1.000000	0.000000
1500.000000	-2.204586	-2.372134	-2.544922	0.073403	-0.209910	-0.720439	-1.684576	0.212329	0.061309	0.047283	0.857316	0.006091	11.157264	0.048956	0.304667	0.000000	0.000000	1.000000	0.000000
1600.000000	-1.949492	-2.129812	-2.326619	0.056392	-0.131336	-0.471818	-1.117507	0.166026	0.060927	0.068492	0.865484	0.005943	11.823994	0.049215	0.333016	0.000000	0.000000	1.000000	0.000000
1700.000000	-1.999599	-2.228154	-2.425992	0.076078	-0.117615	-0.503528	-1.677641	0.214111	0.061629	0.064665	0.820467	0.005235	11.617192	0.046257	0.298137	0.000000	0.000000	1.000000	0.000000
1800.000000	-2.069739	-2.242044	-2.421022	0.060688	-0.107815	-0.416924	-1.530545	0.190792	0.061657	0.068307	0.841289	0.004201	11.715308	0.046244	0.314660	0.000000	0.000000	1.000000	0.000000
1900.000000	-1.961026	-2.253129	-2.516680	0.119284	-0.101747	-0.494200	-2.000579	0.284534	0.056797	0.055649	0.481028	0.002282	13.580716	0.025200	0.308719	0.000000	0.000000	1.000000	0.000000
2000.000000	-2.167156	-2.295907	-2.512508	0.065162	-0.104281	-0.548092	-1.405596	0.214243	0.056788	0.049108	0.916719	0.004363	10.652431	0.050199	0.319926	0.000000	0.000000	1.000000	0.000000
2100.000000	-2.036222	-2.207254	-2.396086	0.057466	-0.289063	-0.779183	-1.626691	0.234091	0.065785	0.035917	0.981060	0.007126	10.093473	0.056179	0.310055	0.000000	0.000000	1.000000	0.000000
2200.000000	-2.105488	-2.335306	-2.617367	0.101506	-0.159767	-0.695224	-2.293260	0.263680	0.067815	0.047565	0.926047	0.007068	10.524700	0.053371	0.298510	0.000000	0.000000	1.000000	0.000000
2300.000000	-2.185216	-2.410735	-2.637100	0.079084	-0.078876	-0.491058	-1.494045	0.257754	0.059468	0.060912	0.793672	0.002627	11.291002	0.042310	0.302173	0.000000	0.000000	1.000000	0.000000
2400.000000	-2.137080	-2.370514	-2.645358	0.098205	-0.053873	-0.658963	-1.915991	0.328119	0.063111	0.050357	0.807959	0.004022	10.766342	0.044419	0.294249	0.000000	0.000000	1.000000	0.000000
2500.000000	-2.227332	-2.453982	-2.635437	0.073129	-0.080590	-0.335603	-1.001723	0.160700	0.059856	0.077269	0.833735	0.003480	12.040195	0.045161	0.286542	0.000000	0.000000	1.000000	0.000000
2600.000000	-2.170251	-2.443109	-2.732595	0.094967	-0.137077	-0.643058	-2.958068	0.299583	0.070539	0.049791	0.965802	0.007642	10.489358	0.055932	0.295662	0.000000	0.000000	1.000000	0.000000
2700.000000	-2.093774	-2.318354	-2.628224	0.094864	-0.206852	-0.865879	-2.010512	0.332032	0.073301	0.028013	0.903412	0.004602	10.006561	0.049773	0.286438	0.000000	0.000000	1.000000	0.000000
2800.000000	-1.932695	-2.267020	-2.617859	0.125031	-0.091098	-0.766738	-2.454961	0.385128	0.077163	0.042645	0.976295	0.011699	10.228724	0.060513	0.313837	0.000000	0.000000	1.000000	0.000000
2900.000000	-2.073505	-2.620530	-2.954921	0.148161	-0.057426	-0.990425	-4.158535	0.611430	0.083378	0.045342	0.969550	0.013280	10.192388	0.061758	0.312426	0.000000	0.000000	1.000000	0.000000
3000.000000	-1.552217	-2.224639	-2.722986	0.223138	-0.079776	-0.587515	-2.592984	0.416199	0.075741	0.067990	0.785705	0.007185	12.072116	0.046234	0.303025	0.000000	0.000000	1.000000	0.000000
3100.000000	-0.951477	-2.111304	-2.982831	0.333950	-0.077247	-0.888011	-3.703104	0.642926	0.075156	0.061531	0.840254	0.009522	11.328975	0.051416	0.365054	0.000000	0.000000	1.000000	0.000000
3200.000000	-1.173810	-2.045600	-2.864556	0.347120	-0.126206	-0.803879	-3.677953	0.553020	0.079016	0.069307	0.887535	0.012408	11.231301	0.056770	0.359748	0.000000	0.000000	1.000000	0.000000
3300.000000	-0.958894	-1.890592	-3.047153	0.390996	-0.248956	-1.586082	-5.977049	0.874684	0.111592	0.037025	0.944304	0.026501	10.109050	0.073638	0.469177	0.000000	1.000000	1.000000	0.000000
3400.000000	-1.309760	-2.125512	-2.689023	0.270543	-0.091388	-0.551522	-2.571342	0.364326	0.068242	0.080093	0.752929	0.005662	12.417066	0.043124	0.356772	0.000000	0.000000	1.000000	0.000000
3500.000000	-0.618275	-1.436652	-2.289926	0.351293	-0.172348	-1.054010	-4.517872	0.687730	0.083751	0.039609	0.803169	0.007739	10.981378	0.047724	0.401389	0.000000	0.427780	1.000000	0.000000
3600.000000	-0.388637	-1.760018	-2.899260	0.649512	-0.301630	-1.669423	-5.136022	0.817161	0.108170	0.029372	0.900022	0.018616	9.971050	0.063584	0.435999	0.000000	1.000000	1.000000	0.000000
3700.000000	-0.771402	-1.673860	-2.497880	0.329893	-0.116831	-0.933976	-4.169491	0.688715	0.078982	0.049943	0.823240	0.008752	10.951263	0.049807	0.419927	0.000000	0.798535	1.000000	0.000000
3800.000000	-1.212761	-2.226715	-2.824646	0.278583	-0.282341	-0.885253	-3.673268	0.427999	0.069819	0.044022	0.813354	0.004690	10.680460	0.045332	0.450314	0.000000	1.000000	1.000000	0.000000
3900.000000	-1.235699	-2.006357	-2.675122	0.275359	-0.255691	-0.927556	-2.595821	0.382741	0.074758	0.036860	0.879159	0.008314	10.353451	0.052255	0.417247	0.000000	0.744943	1.000000	0.000000
4000.000000	-0.675974	-1.582896	-2.566390	0.412155	-0.143695	-0.876649	-4.638803	0.736761	0.072151	0.037346	0.468170	0.002845	12.063247	0.024000	0.404423	0.000000	0.488464	1.000000	0.000000
4100.000000	-0.655742	-1.563606	-2.254210	0.306045	-0.163075	-1.018328	-3.850922	0.580057	0.078376	0.036514	0.843470	0.005692	10.330345	0.047760	0.407408	0.000000	0.548161	1.000000	0.000000
4200.000000	-1.305427	-2.106036	-2.738522	0.282945	-0.147037	-0.739834	-2.633017	0.526574	0.067096	0.042598	0.833840	0.005497	10.672041	0.047133	0.427921	0.000000	0.958428	1.000000	0.000000
4300.000000	-0.987582	-2.012882	-2.574197	0.336122	-0.158998	-0.489170	-2.569338	0.308721	0.059267	0.060325	0.702384	0.000865	11.515361	0.035918	0.345095	0.000000	0.000000	1.000000	0.000000
4400.000000	-1.212055	-2.031422	-2.597663	0.287563	-0.068764	-0.491631	-2.491524	0.435705	0.064561	0.057272	0.790141	0.004235	11.123408	0.043686	0.406419	0.000000	0.528374	1.000000	0.000000
4500.000000	-1.305089	-1.874508	-2.422939	0.181279	-0.145670	-0.895306	-3.190334	0.658905	0.076000	0.047180	0.785264	0.004942	10.582979	0.044032	0.447539	0.000000	1.000000	1.000000	0.000000
4600.000000	-0.601886	-1.496538	-2.406238	0.460516	-0.105905	-0.765779	-4.194922	0.772551	0.066884	0.055429	0.505587	0.002436	11.941657	0.026126	0.428050	0.000961	0.961003	1.000000	0.000000
4700.000000	-0.872039	-1.774340	-2.594474	0.412917	-0.070986	-0.544500	-3.626614	0.524846	0.064278	0.062359	0.747621	0.003651	11.372596	0.040817	0.388609	0.000344	0.172188	1.000000	0.000000
4800.000000	-0.851346	-1.554486	-2.640636	0.367699	-0.121968	-0.812798	-4.381410	0.786484	0.068110	0.050165	0.675390	0.002864	10.872814	0.036001	0.392045	0.000723	0.240896	1.000000	0.000000
4900.000000	-1.515403	-1.969875	-3.052894	0.232811	-0.222421	-1.019149	-2.629441	0.439351	0.073171	0.034424	0.881362	0.005343	9.896740	0.049398	0.498965	0.004000	1.000000	1.000000	0.000000
5000.000000	-0.915892	-1.804692	-2.924225	0.454931	-0.074716	-0.558989	-2.741217	0.396010	0.064316	0.047866	0.789952	0.002507	10.869083	0.041929	0.360365	0.000000	0.000000	1.000000	0.000000
5100.000000	-1.273894	-1.915551	-2.642869	0.279192	-0.136506	-0.670568	-3.558094	0.558575	0.072801	0.062802	0.766473	0.003861	11.149054	0.042092	0.399150	0.002298	0.383003	1.000000	0.000000
5200.000000	-1.272364	-2.030826	-3.287648	0.372046	-0.083150	-0.716223	-2.832678	0.567411	0.075725	0.037940	0.849206	0.003415	10.157387	0.045859	0.451335	0.007000	1.000000	1.000000	0.000000
5300.000000	-0.865634	-1.781164	-2.907102	0.491649	-0.052045	-0.446239	-3.012612	0.461671	0.065036	0.066263	0.827711	0.003494	10.979493	0.044839	0.389784	0.001566	0.195688	1.000000	0.000000
5400.000000	-1.161327	-2.053841	-3.132766	0.490469	-0.027417	-0.434630	-3.830744	0.505790	0.066177	0.073651	0.695376	0.001944	11.790365	0.036494	0.412542	0.005858	0.650848	1.000000	0.000000
5500.000000	-1.124766	-1.776037	-2.722526	0.363139	-0.035621	-0.473019	-2.329574	0.423427	0.074376	0.058342	0.903292	0.006988	10.375977	0.052142	0.436038	0.010000	1.000000	1.000000	0.000000
5600.000000	-0.913146	-1.525991	-3.001469	0.415504	-0.112687	-0.718371	-2.835681	0.453736	0.080934	0.041437	0.893823	0.006231	9.964540	0.050869	0.476525	0.011000	1.000000	1.000000	0.000000
5700.000000	-1.077585	-1.734586	-3.063385	0.412684	-0.037029	-0.611196	-3.309524	0.636395	0.074699	0.053058	0.879635	0.006004	10.396422	0.049932	0.454921	0.012000	1.000000	1.000000	0.000000
5800.000000	-0.703259	-1.682820	-2.901066	0.583221	-0.033842	-0.416969	-3.642976	0.580543	0.065098	0.076284	0.545415	0.001518	12.633390	0.027759	0.414150	0.008879	0.683000	1.000000	0.000000
5900.000000	-0.922956	-1.724904	-2.870611	0.441949	-0.039831	-0.458397	-2.536061	0.392880	0.070411	0.063583	0.895014	0.004816	10.704079	0.049545	0.380992	0.000278	0.019845	1.000000	0.000000
6000.000000	-0.788303	-1.537455	-2.435418	0.351624	-0.040356	-0.562512	-2.669356	0.426242	0.070140	0.057142	0.917639	0.007031	10.411704	0.052904	0.437013	0.015000	1.000000	1.000000	0.000000
6100.000000	-1.116872	-1.743850	-2.772811	0.334467	-0.069087	-0.469847	-2.096676	0.326923	0.079254	0.054630	0.925086	0.008183	10.259282	0.054432	0.435272	0.016000	1.000000	1.000000	0.000000
6200.000000	-1.108649	-2.154158	-3.122609	0.469806	-0.015724	-0.179896	-1.664670	0.185742	0.062667	0.090433	0.779233	0.002906	11.716687	0.041786	0.350674	0.000000	0.000000	1.000000	0.000000
6300.000000	-1.220173	-1.938172	-2.926932	0.364034	-0.038194	-0.399412	-2.306778	0.371730	0.067702	0.069053	0.834014	0.003553	10.954316	0.045218	0.403205	0.008354	0.464104	1.000000	0.000000
6400.000000	-1.213180	-1.914384	-2.765828	0.370010	-0.025740	-0.263002	-1.621650	0.252180	0.068674	0.082956	0.868587	0.005678	11.070768	0.049068	0.406165	0.009943	0.523310	1.000000	0.000000
6500.000000	-1.021594	-1.769816	-2.544392	0.337301	-0.068099	-0.390929	-1.799639	0.223047	0.070174	0.064892	0.887473	0.005807	10.731050	0.050170	0.419962	0.015985	0.799234	1.000000	0.000000
6600.000000	-0.890743	-1.681818	-2.547947	0.336536	-0.077409	-0.407459	-1.350597	0.223778	0.072702	0.061255	0.934230	0.006740	10.423620	0.053436	0.361479	0.000000	0.000000	1.000000	0.000000
6700.000000	-0.909053	-1.707033	-2.769463	0.347921	-0.046912	-0.418115	-2.035575	0.296896	0.079447	0.056338	0.904565	0.005485	10.372310	0.050695	0.410527	0.013432	0.610534	1.000000	0.000000
6800.000000	-1.334462	-2.101274	-3.212388	0.352954	-0.076776	-0.668251	-3.819544	0.485031	0.081539	0.065790	0.907830	0.008282	10.521364	0.053646	0.449892	0.023000	1.000000	1.000000	0.000000
6900.000000	-1.192181	-1.652393	-2.796298	0.213378	-0.105514	-0.750013	-2.478373	0.432140	0.081688	0.036059	0.953413	0.010144	9.757516	0.057809	0.452707	0.024000	1.000000	1.000000	0.000000
7000.000000	-0.769975	-1.489161	-2.341992	0.323221	-0.042345	-0.559145	-2.547514	0.324899	0.081904	0.054699	0.953399	0.008227	10.348363	0.055895	0.370511	0.000000	0.000000	1.000000	0.000000
7100.000000	-1.130557	-1.915345	-2.780599	0.357985	-0.032497	-0.281361	-2.434697	0.232379	0.069536	0.086780	0.822087	0.004466	11.304815	0.045551	0.360279	0.000000	0.000000	1.000000	0.000000
7200.000000	-0.824249	-1.568055	-2.623578	0.380734	-0.024356	-0.437880	-2.207041	0.441524	0.082043	0.065015	0.934219	0.009627	10.410558	0.056330	0.428590	0.026239	0.971804	1.000000	0.000000
7300.000000	-1.087523	-2.049368	-2.981125	0.385904	-0.023909	-0.172634	-1.340975	0.156145	0.069283	0.083293	0.888423	0.005045	11.136166	0.049460	0.366605	0.000000	0.000000	1.000000	0.000000
7400.000000	-1.102463	-1.954453	-2.974481	0.355234	-0.029296	-0.355183	-1.927367	0.327791	0.073849	0.071977	0.910352	0.008138	10.683774	0.053648	0.438934	0.029000	1.000000	1.000000	0.000000
7500.000000	-1.049060	-2.063427	-2.856522	0.392114	-0.025187	-0.458611	-2.940019	0.357581	0.077302	0.078670	0.919813	0.011035	10.691835	0.057021	0.433385	0.030000	1.000000	1.000000	0.000000
7600.000000	-1.073607	-1.654212	-2.720956	0.292792	-0.049147	-0.561314	-2.550140	0.444038	0.079321	0.055444	0.940725	0.009154	10.194441	0.056177	0.437426	0.030000	1.000000	1.000000	0.000000
7700.000000	-0.735812	-1.561055	-2.747414	0.494408	-0.064836	-0.506280	-1.978788	0.351824	0.076859	0.057676	0.877743	0.006847	10.455594	0.050668	0.445010	0.030000	1.000000	1.000000	0.000000
7800.000000	-1.098607	-1.881983	-2.745108	0.381578	-0.020953	-0.263877	-2.097259	0.228386	0.071859	0.091424	0.879282	0.006456	11.198211	0.050410	0.369425	0.000000	0.000000	1.000000	0.000000
7900.000000	-0.928979	-1.510948	-2.712219	0.370589	-0.025581	-0.546470	-2.408496	0.422484	0.077639	0.054054	0.939500	0.008184	10.089870	0.055155	0.460051	0.030000	1.000000	1.000000	0.000000
8000.000000	-1.029969	-1.652711	-3.134080	0.445410	-0.019487	-0.572551	-2.221411	0.400629	0.088774	0.055515	0.937269	0.010077	10.135560	0.056939	0.475070	0.030000	1.000000	1.000000	0.000000
8100.000000	-0.887939	-1.809165	-2.960627	0.461634	-0.034186	-0.362168	-2.213788	0.316318	0.074347	0.072868	0.856296	0.007626	11.127832	0.050409	0.386165	0.003699	0.123303	1.000000	0.000000
8200.000000	-1.060756	-1.784175	-2.819286	0.376394	-0.019518	-0.516695	-2.770660	0.494169	0.078967	0.070523	0.946404	0.011488	10.446447	0.058808	0.446986	0.030000	1.000000	1.000000	0.000000
8300.000000	-1.235560	-1.999248	-3.011951	0.348946	-0.029214	-0.554405	-3.340842	0.526828	0.084379	0.070292	0.926504	0.011398	10.531408	0.057710	0.468855	0.030000	1.000000	1.000000	0.000000
8400.000000	-0.992636	-1.775591	-2.500714	0.324416	-0.035258	-0.295003	-1.975143	0.260819	0.071858	0.087264	0.882345	0.006280	11.151295	0.050389	0.373271	0.000000	0.000000	1.000000	0.000000
8500.000000	-0.943112	-1.659067	-2.709287	0.360932	-0.033312	-0.503551	-2.870895	0.453011	0.079627	0.068150	0.840508	0.008393	10.807611	0.050316	0.439807	0.030000	1.000000	1.000000	0.000000
8600.000000	-1.065217	-1.607932	-2.742079	0.321947	-0.036518	-0.630807	-2.787896	0.479035	0.085250	0.053475	0.939316	0.011247	10.141404	0.058204	0.465840	0.030000	1.000000	1.000000	0.000000
8700.000000	-0.678496	-1.545766	-2.766644	0.429998	-0.020254	-0.480414	-3.414976	0.521662	0.081354	0.079767	0.511079	0.002380	13.202823	0.026432	0.387599	0.004559	0.151972	1.000000	0.000000
8800.000000	-1.044818	-1.774899	-2.920566	0.348700	-0.033759	-0.562127	-2.924693	0.433814	0.084852	0.061154	0.951967	0.012439	10.347142	0.060034	0.452423	0.030000	1.000000	1.000000	0.000000
8900.000000	-0.993438	-1.784514	-2.692324	0.356422	-0.034528	-0.563552	-3.748719	0.517064	0.084387	0.075921	0.925470	0.011243	10.726365	0.057513	0.416445	0.021867	0.728896	1.000000	0.000000
9000.000000	-1.313290	-1.851479	-3.082638	0.286922	-0.047967	-0.748162	-2.898386	0.507705	0.089554	0.047404	0.970520	0.012551	9.885322	0.061077	0.462858	0.030000	1.000000	1.000000	0.000000
9100.000000	-0.848798	-1.552536	-2.774457	0.390541	-0.051844	-0.693224	-3.265059	0.544354	0.088106	0.062367	0.906300	0.008237	10.453019	0.053546	0.452262	0.030000	1.000000	1.000000	0.000000
9200.000000	-1.290504	-1.719512	-2.667383	0.238847	-0.130090	-0.853900	-4.465109	0.482173	0.095899	0.042748	0.977795	0.016217	9.749350	0.065104	0.462888	0.030000	1.000000	1.000000	0.000000
9300.000000	-1.066399	-2.001971	-2.956944	0.425192	-0.024608	-0.532858	-2.783990	0.502786	0.087630	0.065686	0.921094	0.011208	10.627263	0.057247	0.497847	0.030000	1.000000	1.000000	0.000000
9400.000000	-0.895627	-1.673876	-2.559988	0.303810	-0.084930	-0.974619	-4.275414	0.754079	0.094232	0.048176	0.928081	0.011767	10.187692	0.058164	0.406455	0.015873	0.529100	1.000000	0.000000
9500.000000	-0.924502	-1.714436	-2.925160	0.460200	-0.021361	-0.415208	-2.568809	0.380543	0.078700	0.074519	0.909959	0.009347	10.700568	0.054839	0.451624	0.030000	1.000000	1.000000	0.000000
9600.000000	-1.044876	-1.812923	-3.018992	0.429128	-0.012867	-0.522582	-3.134256	0.526159	0.084692	0.076993	0.925579	0.010957	10.793647	0.057227	0.458469	0.030000	1.000000	1.000000	0.000000
9700.000000	-1.098463	-1.586175	-3.001315	0.335428	-0.038687	-0.680314	-4.020148	0.596625	0.093153	0.052105	0.915989	0.007374	10.169669	0.053159	0.496130	0.030000	1.000000	1.000000	0.000000
9800.000000	-0.699098	-1.612006	-2.481100	0.395952	-0.017932	-0.342464	-2.874155	0.327213	0.079701	0.086976	0.895869	0.007254	11.268560	0.052033	0.383139	0.001883	0.062782	1.000000	0.000000
9900.000000	-0.538799	-1.788278	-3.061991	0.643144	-0.022715	-0.367413	-2.601667	0.347470	0.075296	0.075455	0.655049	0.001985	12.472773	0.034430	0.343284	0.000000	0.000000	1.000000	0.000000
10000.000000	-0.736216	-1.963946	-2.584722	0.421452	-0.014782	-0.170638	-1.860931	0.187343	0.072375	0.111301	0.722096	0.002426	12.888559	0.038456	0.366935	0.000000	0.000000	1.000000	0.000000
10100.000000	-1.100047	-1.762324	-3.231658	0.320327	-0.017832	-0.774178	-3.519150	0.649416	0.095757	0.047890	0.969102	0.014880	9.949442	0.063335	0.516391	0.030000	1.000000	1.000000	0.000000
10200.000000	-1.169267	-1.689481	-2.835054	0.325010	-0.021542	-0.546140	-3.365215	0.512595	0.090192	0.062786	0.936808	0.009869	10.356146	0.056705	0.476315	0.030000	1.000000	1.000000	0.000000
10300.000000	-0.848229	-1.569011	-2.384630	0.290233	-0.033158	-0.511605	-2.346091	0.440960	0.081771	0.066400	0.898692	0.007129	10.560553	0.052044	0.428636	0.029182	0.972717	1.000000	0.000000
10400.000000	-0.784198	-1.686728	-2.667577	0.449135	-0.014681	-0.265065	-3.101444	0.284310	0.078426	0.085340	0.901988	0.007231	11.055631	0.052323	0.401318	0.012791	0.426351	1.000000	0.000000
10500.000000	-1.053685	-1.795479	-2.904254	0.388993	-0.057961	-0.604875	-3.004346	0.495866	0.083718	0.063098	0.824855	0.005096	10.609391	0.046251	0.504049	0.030000	1.000000	1.000000	0.000000
10600.000000	-1.043271	-1.776878	-3.082500	0.432288	-0.021732	-0.520110	-3.734941	0.493319	0.085774	0.068483	0.887143	0.007365	10.616409	0.051686	0.459506	0.030000	1.000000	1.000000	0.000000
10700.000000	-1.032524	-1.651291	-2.771894	0.321648	-0.035151	-0.919007	-4.476511	0.763408	0.103849	0.049559	0.972052	0.017287	9.968865	0.065887	0.502930	0.030000	1.000000	1.000000	0.000000
10800.000000	-0.883928	-1.844760	-2.873287	0.453586	-0.011270	-0.312982	-2.634455	0.321893	0.078469	0.090273	0.861718	0.008325	11.509942	0.051383	0.375819	0.000000	0.000000	1.000000	0.000000
10900.000000	-0.827967	-1.768827	-3.072697	0.477120	-0.013941	-0.404792	-4.541576	0.507099	0.081105	0.090223	0.627449	0.001966	13.036163	0.032872	0.385788	0.003473	0.115765	1.000000	0.000000
11000.000000	-0.732810	-1.687202	-2.687616	0.414351	-0.032663	-0.427324	-2.385805	0.349321	0.081171	0.072802	0.942015	0.010260	10.776058	0.057359	0.343126	0.000000	0.000000	1.000000	0.000000
11100.000000	-1.133408	-1.776609	-3.529812	0.520365	-0.021116	-0.780977	-4.276289	0.728291	0.106266	0.068681	0.697067	0.003425	11.114618	0.037833	0.461138	0.030000	1.000000	1.000000	0.000000
11200.000000	-0.697306	-1.635536	-2.586037	0.418675	-0.029731	-0.313840	-2.130232	0.253492	0.075170	0.099386	0.903383	0.006417	11.365053	0.051584	0.375172	0.000000	0.000000	1.000000	0.000000
11300.000000	-1.061415	-1.615914	-3.077491	0.392961	-0.017676	-0.718450	-6.107892	0.778537	0.094636	0.062337	0.921879	0.013088	10.431093	0.059162	0.500191	0.030000	1.000000	1.000000	0.000000
11400.000000	-0.968707	-1.626556	-3.017760	0.415083	-0.012001	-0.697960	-4.017254	0.735042	0.092743	0.076191	0.865011	0.011449	11.103214	0.054661	0.480691	0.030000	1.000000	1.000000	0.000000
11500.000000	-0.810882	-1.741367	-3.064661	0.559370	-0.019094	-0.477884	-4.349539	0.555040	0.082981	0.075861	0.874785	0.006687	11.192966	0.050402	0.416189	0.021714	0.723785	1.000000	0.000000
11600.000000	-0.956747	-1.567638	-3.161143	0.338488	-0.053782	-0.928414	-4.127166	0.748521	0.089388	0.050781	0.718347	0.002307	10.543661	0.037549	0.507054	0.030000	1.000000	1.000000	0.000000
11700.000000	-0.911902	-1.363671	-2.491019	0.308233	-0.095617	-1.275831	-5.098425	0.997122	0.104982	0.040244	0.916967	0.010810	9.937489	0.056609	0.554169	0.030000	1.000000	1.000000	0.000000
11800.000000	-0.797334	-1.570624	-2.997321	0.445239	-0.012553	-0.800582	-6.451596	0.817917	0.091883	0.059768	0.928946	0.013442	10.368219	0.059879	0.497061	0.030000	1.000000	1.000000	0.000000
11900.000000	-0.735196	-1.549051	-2.488416	0.410510	-0.041157	-0.559799	-3.655182	0.543931	0.083529	0.074491	0.891625	0.008511	10.973265	0.053073	0.399980	0.011988	0.399604	1.000000	0.000000
